Total Volume by transit for Xparcel volume,Unnamed: 1,Unnamed: 2,Unnamed: 3,Unnamed: 4,Unnamed: 5,Unnamed: 6,Unnamed: 7,Unnamed: 8,Unnamed: 9,Unnamed: 10,Unnamed: 11,Unnamed: 12,Unnamed: 13,Total Volume by carrier for use in populating each products volume,Unnamed: 15,Unnamed: 16,Unnamed: 17,Unnamed: 18,Unnamed: 19,Unnamed: 20,Unnamed: 21,Unnamed: 22,Unnamed: 23,Unnamed: 24,Unnamed: 25,Unnamed: 26,Unnamed: 27,Unnamed: 28,# of Weeks shipped for volume datasets,Unnamed: 30,Unnamed: 31,Unnamed: 32,Unnamed: 33,Average Weekly shipcount and revenue for summary chart,Unnamed: 35,Unnamed: 36,Unnamed: 37,Unnamed: 38,Unnamed: 39,Unnamed: 40,Unnamed: 41,Unnamed: 42,Unnamed: 43,Unnamed: 44,Average Weekly Revenue for determining Discount,Unnamed: 46,Unnamed: 47,Mapping of product to Summary,Unnamed: 49,Unnamed: 50,Unnamed: 51,Unnamed: 52,Xparcel Volume,Unnamed: 54,Unnamed: 55,Unnamed: 56,Unnamed: 57,Unnamed: 58,Expedited,Expedited1,Expedited2,Expedited3,Expedited4,Expedited5,Expedited6,Expedited7,Expedited8,Unnamed: 68,Unnamed: 69,Ground,Ground1,Ground2,Ground3,Ground4,Ground5,Ground6,Ground7,Ground8,Unnamed: 79,Unnamed: 80,Priority,Priority1,Priority2,Priority3,Priority4,Priority5,Priority6,Priority7,Priority8,Unnamed: 90,Unnamed: 91,Exp Plus,Exp Plus1,Exp Plus2,Exp Plus3,Exp Plus4,Exp Plus5,Exp Plus6,Exp Plus7,Exp Plus8
PK,Customer Id,quickbooks_alias,Transit,oz,1.0,2.0,3.0,4.0,5.0,6.0,7.0,8.0,,PK,Customer Id,quickbooks_alias,Xparcel Type,Type,standard_bill_weight_oz,1.0,2.0,3.0,4.0,5.0,6.0,7.0,8.0,,fm_cust,customer_quickbooks_alias,Weeks Shipped,Shipcount,,Other product mapping,PK,Cust_ID,quickbooks_alias,Reporting Alias,Label Type,Volume,TotalBilled,# of Weeks,Volume per Week,,quickbooks_alias,Weekley Rev,,carrier,Material_or_VAS_Desc,Sum of Shipcount,,,Cust_ID,quickbooks_alias,QB Alias Count,Cust ID Count,,,,1.0,2.0,3.0,4.0,5.0,6.0,7.0,8.0,,,,1.0,2.0,3.0,4.0,5.0,6.0,7.0,8.0,,,,1.0,2.0,3.0,4.0,5.0,6.0,7.0,8.0,,,,1.0,2.0,3.0,4.0,5.0,6.0,7.0,8.0
0Expedited15.99,0,ShipNetwork (Customer),Expedited,15.99,,,1.0,,,,,,,0ExpeditedONTRAC15.99,0,ShipNetwork (Customer),Expedited,ONTRAC,15.99,,,1.0,,,,,,,20531,Active Figure,1,2,,20531Expedited,20531DHL-XExpedited,20531,Active Figure,DHL-X,Expedited,2,7.69,1,2,,Quick Box Fulfillment,705541,,DHL,Delivery_Conf._Dom,35,DHL-INTL,,20550,Elite Marketing LLC,92851,2545,,,,,,,,,,,,,,,,,,,,,,,,,,,,,,,,,,,,,,,,,,,,
0Expedited32,0,ShipNetwork (Customer),Expedited,32,,1.0,,1.0,,,,,,0ExpeditedONTRAC32,0,ShipNetwork (Customer),Expedited,ONTRAC,32,,1.0,,1.0,,,,,,20550,Elite Marketing (Customer),41,20718,,20550Expedited,20550ACI-WSExpedited,20550,Elite Marketing (Customer),ACI-WS,Expedited,117,755.52,12,9.75,,ShipNetwork (Customer),536825,,DHL,DHL_GlobalMail_Packet_IPA,880,DHL-INTL,,20574,Peyteybug,2387,2387,,1.0,,0.0,0.0,0.0,0.0,0.0,0.0,0.0,0.0,,1.0,,0.0,0.0,0.0,0.0,0.0,0.0,0.0,0.0,,1.0,,0.0,0.0,0.0,0.0,0.0,0.0,0.0,0.0,,1.0,,0.0,0.0,0.0,0.0,0.0,0.0,0.0,0.0
0Expedited80,0,ShipNetwork (Customer),Expedited,80,,,,1.0,,,,,,0ExpeditedONTRAC80,0,ShipNetwork (Customer),Expedited,ONTRAC,80,,,,1.0,,,,,,20574,Peyteybug,38,3137,,20550Expedited,20550ACI-WSExpedited,20550,Elite Marketing (Customer),ACI-WS,Expedited,233,1085.53,12,19.4167,,NuLifestyle Marketing LLC,150000,,DHL,DHL_GlobalMail_Packet_ISAL,1043,DHL-INTL,,20615,Live Your Truth,2100,2100,,2.0,,0.0,0.0,0.0,0.0,0.0,0.0,0.0,0.0,,2.0,,0.0,0.0,0.0,0.0,0.0,0.0,0.0,0.0,,2.0,,0.0,0.0,0.0,0.0,0.0,0.0,0.0,0.0,,2.0,,0.0,0.0,0.0,0.0,0.0,0.0,0.0,0.0
0Expedited192,0,ShipNetwork (Customer),Expedited,192,,,,1.0,2.0,,,,,0ExpeditedONTRAC192,0,ShipNetwork (Customer),Expedited,ONTRAC,192,,,,1.0,2.0,,,,,20575,The 2 Family,1,2,,20550Expedited,20550ACI-WSExpedited,20550,Elite Marketing (Customer),ACI-WS,Expedited,162,978.73,21,7.7143,,NovaShip,100000,,DHL,DHL_GlobalMail_Packet_Plus,545071,DHL-INTL,,20617,Mothers Lounge,22233,13170,,3.0,,0.0,0.0,0.0,0.0,0.0,0.0,0.0,0.0,,3.0,,0.0,0.0,0.0,0.0,0.0,0.0,0.0,0.0,,3.0,,0.0,0.0,0.0,0.0,0.0,0.0,0.0,0.0,,3.0,,0.0,0.0,0.0,0.0,0.0,0.0,0.0,0.0
0error - Label type not mapped64,0,ShipNetwork (Customer),error - Label type not mapped,64,,1.0,,,,,,,,0error - Label type not mappedONTRAC64,0,ShipNetwork (Customer),error - Label type not mapped,ONTRAC,64,,1.0,,,,,,,,20594,Test2,11,4600,,20550Direct Call,20550DHL-GMDirect Call,20550,Elite Marketing (Customer),DHL-GM,Direct Call,54,853.34,2,27,,Fulfillment Ninjas,100000,,DHL,DHL_GlobalMail_Packet_Priority,98768,DHL-INTL,,20618,eSupplements LLC,53,53,,4.0,,0.0,0.0,0.0,0.0,0.0,0.0,0.0,0.0,,4.0,,0.0,0.0,0.0,0.0,0.0,0.0,0.0,0.0,,4.0,,0.0,0.0,0.0,0.0,0.0,0.0,0.0,0.0,,4.0,,0.0,0.0,0.0,0.0,0.0,0.0,0.0,0.0
20550Expedited1,20550,Elite Marketing (Customer),Expedited,1,,,1.0,2.0,5.0,5.0,8.0,12.0,,20550ExpeditedACI-WS15.99,20550,Elite Marketing (Customer),Expedited,ACI-WS,15.99,,,,5.0,3.0,,,,,20598,Test1,22,3518,,20550Direct Call,20550DHL-GMDirect Call,20550,Elite Marketing (Customer),DHL-GM,Direct Call,3135,42432.34,12,261.25,,Mainmerch,90000,,DHL,DHL_GlobalMail_Packet_Standard,17140,DHL-INTL,,20653,Mirion Technologies,815,815,,5.0,,0.0,0.0,0.0,0.0,0.0,0.0,0.0,0.0,,5.0,,0.0,0.0,0.0,0.0,0.0,0.0,0.0,0.0,,5.0,,0.0,0.0,0.0,0.0,0.0,0.0,0.0,0.0,,5.0,,0.0,0.0,0.0,0.0,0.0,0.0,0.0,0.0
20550Expedited2,20550,Elite Marketing (Customer),Expedited,2,,,1.0,3.0,7.0,,2.0,4.0,,20550ExpeditedACI-WS32,20550,Elite Marketing (Customer),Expedited,ACI-WS,32,,,,5.0,10.0,,,,,20615,Live Your Truth,41,14946,,20550Direct Call,20550DHL-GMDirect Call,20550,Elite Marketing (Customer),DHL-GM,Direct Call,103,1137.83,2,51.5,,Mothers Lounge,80000,,DHL,DHL_Parcel_International_Direc,51514,DHL-INTL,,20717,LDS Bookstore,3417,3417,,6.0,,0.0,0.0,0.0,0.0,0.0,0.0,0.0,0.0,,6.0,,0.0,0.0,0.0,0.0,0.0,0.0,0.0,0.0,,6.0,,0.0,0.0,0.0,0.0,0.0,0.0,0.0,0.0,,6.0,,0.0,0.0,0.0,0.0,0.0,0.0,0.0,0.0
20550Expedited4,20550,Elite Marketing (Customer),Expedited,4,,,1.0,,4.0,3.0,6.0,4.0,,20550ExpeditedACI-WS80,20550,Elite Marketing (Customer),Expedited,ACI-WS,80,,,,1.0,3.0,,,,,20617,Mothers Lounge,42,86961,,20550Direct Call,20550DHL-GMDirect Call,20550,Elite Marketing (Customer),DHL-GM,Direct Call,1251,19852.51,25,50.04,,Posh Peanut Inc,57876,,DHL,DHL_Parcel_International_Exped,559,DHL-INTL,,20725,BETTER HOME INTERIORS,2555,2555,,7.0,,0.0,0.0,0.0,0.0,0.0,0.0,0.0,0.0,,7.0,,0.0,0.0,0.0,0.0,0.0,0.0,0.0,0.0,,7.0,,0.0,0.0,0.0,0.0,0.0,0.0,0.0,0.0,,7.0,,0.0,0.0,0.0,0.0,0.0,0.0,0.0,0.0
20550Expedited5,20550,Elite Marketing (Customer),Expedited,5,,,5.0,18.0,47.0,31.0,59.0,68.0,,20550ExpeditedACI-WS64,20550,Elite Marketing (Customer),Expedited,ACI-WS,64,,,,,7.0,,,,,20618,eSupplements LLC,6,49,,20550Direct Call,20550DHL-XDirect Call,20550,Elite Marketing (Customer),DHL-X,Direct Call,1663,10391.78,9,184.7778,,LOLA,47603,,DHL,DHL_Parcel_International_Stand,42778,DHL-INTL,,20743,Shark Robot LLC,20230,20230,,8.0,,0.0,0.0,0.0,0.0,0.0,0.0,0.0,0.0,,8.0,,0.0,0.0,0.0,0.0,0.0,0.0,0.0,0.0,,8.0,,0.0,0.0,0.0,0.0,0.0,0.0,0.0,0.0,,8.0,,0.0,0.0,0.0,0.0,0.0,0.0,0.0,0.0
20550Expedited6,20550,Elite Marketing (Customer),Expedited,6,1.0,1.0,12.0,44.0,132.0,100.0,142.0,165.0,,20550ExpeditedACI-WS6,20550,Elite Marketing (Customer),Expedited,ACI-WS,6,,,,1.0,8.0,,,,,20653,Mirion Technologies,37,58150,,20550Direct Call,20550DHL-XDirect Call,20550,Elite Marketing (Customer),DHL-X,Direct Call,2,7.91,2,1,,Tile Inc.,45000,,DHL,DHL_SmartMail_BPM_Expedited,5407,DHL-BPM,,20764,Sparkle In Pink,1,1,,9.0,,0.0,0.0,0.0,0.0,0.0,0.0,0.0,0.0,,9.0,,0.0,0.0,0.0,0.0,0.0,0.0,0.0,0.0,,9.0,,0.0,0.0,0.0,0.0,0.0,0.0,0.0,0.0,,9.0,,0.0,0.0,0.0,0.0,0.0,0.0,0.0,0.0
20550Expedited7,20550,Elite Marketing (Customer),Expedited,7,2.0,6.0,7.0,46.0,131.0,114.0,161.0,150.0,,20550ExpeditedACI-WS7,20550,Elite Marketing (Customer),Expedited,ACI-WS,7,,,,7.0,12.0,,,,,20665,Infiniti Creations,3,4,,20550Direct Call,20550DHL-XDirect Call,20550,Elite Marketing (Customer),DHL-X,Direct Call,18,188.65,3,6,,Elite Marketing LLC,38000,,DHL,DHL_SmartMail_BPM_Ground,181616,DHL-BPM,,20765,Peak Oral Health,1,1,,10.0,,0.0,0.0,0.0,0.0,0.0,0.0,0.0,0.0,,10.0,,0.0,0.0,0.0,0.0,0.0,0.0,0.0,0.0,,10.0,,0.0,0.0,0.0,0.0,0.0,0.0,0.0,0.0,,10.0,,0.0,0.0,0.0,0.0,0.0,0.0,0.0,0.0
20550Expedited8,20550,Elite Marketing (Customer),Expedited,8,1.0,,5.0,29.0,62.0,60.0,59.0,81.0,,20550ExpeditedACI-WS8,20550,Elite Marketing (Customer),Expedited,ACI-WS,8,,,,1.0,7.0,,,,,20689,International Fulfillment Solutions,9,17,,20550Expedited,20550DHL-XExpedited,20550,Elite Marketing (Customer),DHL-X,Expedited,9849,62485.01,25,393.96,,Shark Robot LLC,38000,,DHL,DHL_SmartMail_Flats_Expedited,2351,DHL-Flats,,20767,Fun Slurp,27502,27502,,11.0,,0.0,0.0,0.0,0.0,0.0,0.0,0.0,0.0,,11.0,,0.0,0.0,0.0,0.0,0.0,0.0,0.0,0.0,,11.0,,0.0,0.0,0.0,0.0,0.0,0.0,0.0,0.0,,11.0,,0.0,0.0,0.0,0.0,0.0,0.0,0.0,0.0
20550Expedited9,20550,Elite Marketing (Customer),Expedited,9,,,5.0,17.0,39.0,26.0,30.0,39.0,,20550ExpeditedACI-WS9,20550,Elite Marketing (Customer),Expedited,ACI-WS,9,,,,4.0,8.0,,,,,20717,LDS Bookstore,41,15807,,20550Expedited,20550DHL-XExpedited,20550,Elite Marketing (Customer),DHL-X,Expedited,73,376.48,1,73,,The Stock Company LLC,36119,,DHL,DHL_SmartMail_Flats_Ground,1161,DHL-Flats,,20772,The Mogan,1,1,,12.0,,0.0,0.0,0.0,0.0,0.0,0.0,0.0,0.0,,12.0,,0.0,0.0,0.0,0.0,0.0,0.0,0.0,0.0,,12.0,,0.0,0.0,0.0,0.0,0.0,0.0,0.0,0.0,,12.0,,0.0,0.0,0.0,0.0,0.0,0.0,0.0,0.0
20550Expedited10,20550,Elite Marketing (Customer),Expedited,10,,2.0,,13.0,10.0,15.0,31.0,38.0,,20550ExpeditedACI-WS10,20550,Elite Marketing (Customer),Expedited,ACI-WS,10,,,,1.0,3.0,,,,,20722,Lime Lush Boutique,1,1,,20550Expedited,20550DHL-XExpedited,20550,Elite Marketing (Customer),DHL-X,Expedited,3762,23715.38,19,198,,Wildflower brands LLC,33742,,DHL,DHL_SmartMail_Parcel_Expedited,5533512,DHL-X,,20807,Albion Apparel,8095,8095,,13.0,,0.0,0.0,0.0,0.0,0.0,0.0,0.0,0.0,,13.0,,0.0,0.0,0.0,0.0,0.0,0.0,0.0,0.0,,13.0,,0.0,0.0,0.0,0.0,0.0,0.0,0.0,0.0,,13.0,,0.0,0.0,0.0,0.0,0.0,0.0,0.0,0.0
20550Expedited11,20550,Elite Marketing (Customer),Expedited,11,1.0,,1.0,5.0,10.0,15.0,24.0,36.0,,20550ExpeditedACI-WS11,20550,Elite Marketing (Customer),Expedited,ACI-WS,11,,,,,2.0,,,,,20725,BETTER HOME INTERIORS,41,23525,,20550Direct Call,20550FM-DDUDirect Call,20550,Elite Marketing (Customer),FM-DDU,Direct Call,1,3.7,1,1,,Blink Health,30000,,DHL,DHL_SmartMail_Parcel_Ground,2486658,DHL-G,,20817,Superbalife,2161,2161,,14.0,,0.0,0.0,0.0,0.0,0.0,0.0,0.0,0.0,,14.0,,0.0,0.0,0.0,0.0,0.0,0.0,0.0,0.0,,14.0,,0.0,0.0,0.0,0.0,0.0,0.0,0.0,0.0,,14.0,,0.0,0.0,0.0,0.0,0.0,0.0,0.0,0.0
20550Expedited12,20550,Elite Marketing (Customer),Expedited,12,,,,3.0,11.0,8.0,12.0,10.0,,20550ExpeditedACI-WS12,20550,Elite Marketing (Customer),Expedited,ACI-WS,12,,,,1.0,3.0,,,,,20743,Shark Robot LLC,41,138404,,20550Expedited,20550FM-DDUExpedited,20550,Elite Marketing (Customer),FM-DDU,Expedited,13,60.26,5,2.6,,Bohme,30000,,DHL,DHL_SmartMail_Parcel_Plus_Expe,665486,DHL-X,,20862,Payoneer Inc.,567,567,,15.0,,0.0,0.0,0.0,0.0,0.0,0.0,0.0,0.0,,15.0,,0.0,0.0,0.0,0.0,0.0,0.0,0.0,0.0,,15.0,,0.0,0.0,0.0,0.0,0.0,0.0,0.0,0.0,,15.0,,0.0,0.0,0.0,0.0,0.0,0.0,0.0,0.0
20550Expedited13,20550,Elite Marketing (Customer),Expedited,13,2.0,2.0,,8.0,7.0,10.0,66.0,43.0,,20550ExpeditedACI-WS13,20550,Elite Marketing (Customer),Expedited,ACI-WS,13,,,,2.0,,,,,,20765,Peak Oral Health,2,3,,20550Expedited,20550FM-DDUExpedited,20550,Elite Marketing (Customer),FM-DDU,Expedited,70,292.6,9,7.7778,,Top Drawer Merch,25000,,DHL,DHL_SmartMail_Parcel_Plus_Grou,405065,DHL-G,,20876,Pac Parts,2045,2045,,15.99,,0.0,0.0,0.0,0.0,0.0,0.0,0.0,0.0,,15.99,,0.0,0.0,0.0,0.0,0.0,0.0,0.0,0.0,,15.99,,0.0,0.0,0.0,0.0,0.0,0.0,0.0,0.0,,15.99,,0.0,0.0,0.0,0.0,0.0,0.0,0.0,0.0
20550Expedited14,20550,Elite Marketing (Customer),Expedited,14,2.0,,1.0,6.0,6.0,6.0,32.0,23.0,,20550ExpeditedACI-WS48,20550,Elite Marketing (Customer),Expedited,ACI-WS,48,,,,,6.0,,,,,20767,Fun Slurp,41,9336,,20550Expedited,20550FM-DDUExpedited,20550,Elite Marketing (Customer),FM-DDU,Expedited,28,136.86,13,2.1538,,Productiv,25000,,DHL,DHL_SmartMail_Parcel_Return_Gr,1492,DHL-Return,,20878,Obsessions Boutique,1304,1304,,16.0,,0.0,0.0,0.0,0.0,0.0,0.0,0.0,0.0,,16.0,,0.0,0.0,0.0,0.0,0.0,0.0,0.0,0.0,,16.0,,0.0,0.0,0.0,0.0,0.0,0.0,0.0,0.0,,16.0,,0.0,0.0,0.0,0.0,0.0,0.0,0.0,0.0
20550Expedited15,20550,Elite Marketing (Customer),Expedited,15,,,,2.0,8.0,3.0,15.0,9.0,,20550ExpeditedACI-WS96,20550,Elite Marketing (Customer),Expedited,ACI-WS,96,,,,1.0,8.0,,,,,20807,Albion Apparel,42,133014,,20550Direct Call,20550FM-XDirect Call,20550,Elite Marketing (Customer),FM-X,Direct Call,1,3.42,1,1,,Tougher Than Tom,23492,,DHL,DHL_SmartMail_Parcel_Return_Li,7,DHL-Return,,20883,Front Range Enterprise and Communications,193,193,,32.0,,0.0,0.0,0.0,0.0,0.0,0.0,0.0,0.0,,32.0,,0.0,0.0,0.0,0.0,0.0,0.0,0.0,0.0,,32.0,,0.0,0.0,0.0,0.0,0.0,0.0,0.0,0.0,,32.0,,0.0,0.0,0.0,0.0,0.0,0.0,0.0,0.0
20550Expedited15.99,20550,Elite Marketing (Customer),Expedited,15.99,,1.0,1.0,19.0,33.0,37.0,44.0,47.0,,20550ExpeditedACI-WS112,20550,Elite Marketing (Customer),Expedited,ACI-WS,112,,,,,2.0,,,,,20817,Superbalife,41,18341,,20550Expedited,20550FM-XExpedited,20550,Elite Marketing (Customer),FM-X,Expedited,2,8.21,2,1,,Cheef Holdings NC,23000,,DHL,Easy_Return_Ground,3,DHL-Return,,20884,Petit Vour,1287,1287,,48.0,,0.0,0.0,0.0,0.0,0.0,0.0,0.0,0.0,,48.0,,0.0,0.0,0.0,0.0,0.0,0.0,0.0,0.0,,48.0,,0.0,0.0,0.0,0.0,0.0,0.0,0.0,0.0,,48.0,,0.0,0.0,0.0,0.0,0.0,0.0,0.0,0.0
20550Expedited26.4,20550,Elite Marketing (Customer),Expedited,26.4,,,,,,,,2.0,,20550ExpeditedACI-WS128,20550,Elite Marketing (Customer),Expedited,ACI-WS,128,,,,,2.0,,,,,20824,The HB Group,2,2,,20550Expedited,20550FM-XExpedited,20550,Elite Marketing (Customer),FM-X,Expedited,7,29.28,3,2.3333,,US Novelty,23000,,DHL,Easy_Return_Light,5,DHL-Return,,20901,Avid Logistics Inc,4579,4579,,64.0,,0.0,0.0,0.0,0.0,0.0,0.0,0.0,0.0,,64.0,,0.0,0.0,0.0,0.0,0.0,0.0,0.0,0.0,,64.0,,0.0,0.0,0.0,0.0,0.0,0.0,0.0,0.0,,64.0,,0.0,0.0,0.0,0.0,0.0,0.0,0.0,0.0
20550Expedited30.4,20550,Elite Marketing (Customer),Expedited,30.4,,,,,,,,1.0,,20550ExpeditedDHL-X15.99,20550,Elite Marketing (Customer),Expedited,DHL-X,15.99,,1.0,1.0,14.0,30.0,37.0,44.0,47.0,,20862,Payoneer Inc.,27,8653,,20550Expedited,20550FM-XExpedited,20550,Elite Marketing (Customer),FM-X,Expedited,15,76.56,7,2.1429,,RNA Group,21000,,DHL,First_Class_Flats,40,DHL-Flats,,20906,Pastor Villareal Inc,1989,1989,,80.0,,0.0,0.0,0.0,0.0,0.0,0.0,0.0,0.0,,80.0,,0.0,0.0,0.0,0.0,0.0,0.0,0.0,0.0,,80.0,,0.0,0.0,0.0,0.0,0.0,0.0,0.0,0.0,,80.0,,0.0,0.0,0.0,0.0,0.0,0.0,0.0,0.0
20550Expedited32,20550,Elite Marketing (Customer),Expedited,32,9.0,4.0,8.0,39.0,65.0,82.0,173.0,187.0,,20550ExpeditedDHL-X32,20550,Elite Marketing (Customer),Expedited,DHL-X,32,2.0,2.0,8.0,34.0,55.0,82.0,173.0,185.0,,20876,Pac Parts,36,6406,,20550Ground,20550NGSGround,20550,Elite Marketing (Customer),NGS,Ground,1,4.28,1,1,,"Dime Beauty Co, LLC",20000,,DHL,First_Class_Parcels,4727,DHL-X,,20911,Acupuncture Atlanta,1415,1415,,96.0,,0.0,0.0,0.0,0.0,0.0,0.0,0.0,0.0,,96.0,,0.0,0.0,0.0,0.0,0.0,0.0,0.0,0.0,,96.0,,0.0,0.0,0.0,0.0,0.0,0.0,0.0,0.0,,96.0,,0.0,0.0,0.0,0.0,0.0,0.0,0.0,0.0
20550Expedited44,20550,Elite Marketing (Customer),Expedited,44,,,,,,,,1.0,,20550ExpeditedDHL-X80,20550,Elite Marketing (Customer),Expedited,DHL-X,80,,,,2.0,2.0,5.0,14.0,17.0,,20878,Obsessions Boutique,41,8824,,20550Expedited,20550PTMT-FCExpedited,20550,Elite Marketing (Customer),PTMT-FC,Expedited,4,17.84,3,1.3333,,Little Poppy Co,20000,,DHL,GM_Duties_and_Taxes,19267,DHL-INTL,,20954,Intermountain Nutrition,33,33,,112.0,,0.0,0.0,0.0,0.0,0.0,0.0,0.0,0.0,,112.0,,0.0,0.0,0.0,0.0,0.0,0.0,0.0,0.0,,112.0,,0.0,0.0,0.0,0.0,0.0,0.0,0.0,0.0,,112.0,,0.0,0.0,0.0,0.0,0.0,0.0,0.0,0.0
20550Expedited48,20550,Elite Marketing (Customer),Expedited,48,5.0,,,23.0,29.0,24.0,103.0,88.0,,20550ExpeditedDHL-X192,20550,Elite Marketing (Customer),Expedited,DHL-X,192,,,,1.0,,,,4.0,,20883,Front Range Enterprise and Communications,33,19521,,20550Direct Call,20550PTMT-PMDirect Call,20550,Elite Marketing (Customer),PTMT-PM,Direct Call,3,35.69,2,1.5,,Young Living Essential Oils,20000,,DHL,GM_Packet_IPA,952,DHL-INTL,,20978,BlipShift,4177,4177,,128.0,,0.0,0.0,0.0,0.0,0.0,0.0,0.0,0.0,,128.0,,0.0,0.0,0.0,0.0,0.0,0.0,0.0,0.0,,128.0,,0.0,0.0,0.0,0.0,0.0,0.0,0.0,0.0,,128.0,,0.0,0.0,0.0,0.0,0.0,0.0,0.0,0.0
20550Expedited64,20550,Elite Marketing (Customer),Expedited,64,,1.0,,5.0,19.0,16.0,13.0,39.0,,20550ExpeditedDHL-X64,20550,Elite Marketing (Customer),Expedited,DHL-X,64,,1.0,,5.0,12.0,16.0,13.0,38.0,,20884,Petit Vour,20,9591,,20550Expedited,20550PTMT-PMExpedited,20550,Elite Marketing (Customer),PTMT-PM,Expedited,81,979.27,9,9,,Made By Mary,18000,,DHL,GM_Packet_ISAL,5,DHL-INTL,,20996,OverStock Drug Store,18718,18718,,144.0,,0.0,0.0,0.0,0.0,0.0,0.0,0.0,0.0,,144.0,,0.0,0.0,0.0,0.0,0.0,0.0,0.0,0.0,,144.0,,0.0,0.0,0.0,0.0,0.0,0.0,0.0,0.0,,144.0,,0.0,0.0,0.0,0.0,0.0,0.0,0.0,0.0
20550Expedited80,20550,Elite Marketing (Customer),Expedited,80,1.0,,,3.0,5.0,5.0,14.0,17.0,,20550ExpeditedDHL-X6,20550,Elite Marketing (Customer),Expedited,DHL-X,6,1.0,1.0,12.0,43.0,121.0,100.0,142.0,165.0,,20901,Avid Logistics Inc,1,1,,20550Expedited,20550PTMT-PMExpedited,20550,Elite Marketing (Customer),PTMT-PM,Expedited,59,3181.07,7,8.4286,,DedCool Inc,18000,,DHL,GM_Packet_Plus,78032,DHL-INTL,,21046,Granite Seed,416,416,,160.0,,0.0,0.0,0.0,0.0,0.0,0.0,0.0,0.0,,160.0,,0.0,0.0,0.0,0.0,0.0,0.0,0.0,0.0,,160.0,,0.0,0.0,0.0,0.0,0.0,0.0,0.0,0.0,,160.0,,0.0,0.0,0.0,0.0,0.0,0.0,0.0,0.0
20550Expedited96,20550,Elite Marketing (Customer),Expedited,96,,,1.0,2.0,11.0,,3.0,2.0,,20550ExpeditedDHL-X7,20550,Elite Marketing (Customer),Expedited,DHL-X,7,1.0,4.0,7.0,38.0,117.0,114.0,161.0,150.0,,20906,Pastor Villareal Inc,41,30171,,20550Expedited,20550PTMT-PMExpedited,20550,Elite Marketing (Customer),PTMT-PM,Expedited,11,476.03,3,3.6667,,Homefield,16850,,DHL,GM_Packet_Priority,27701,DHL-INTL,,21055,"WAF International, Inc.",109,109,,176.0,,0.0,0.0,0.0,0.0,0.0,0.0,0.0,0.0,,176.0,,0.0,0.0,0.0,0.0,0.0,0.0,0.0,0.0,,176.0,,0.0,0.0,0.0,0.0,0.0,0.0,0.0,0.0,,176.0,,0.0,0.0,0.0,0.0,0.0,0.0,0.0,0.0
20550Expedited112,20550,Elite Marketing (Customer),Expedited,112,,,,,3.0,,,1.0,,20550ExpeditedDHL-X8,20550,Elite Marketing (Customer),Expedited,DHL-X,8,,,5.0,28.0,55.0,60.0,59.0,78.0,,20911,Acupuncture Atlanta,41,10976,,20574Direct Call,20574DHL-XDirect Call,20574,Peyteybug,DHL-X,Direct Call,2025,7708,21,96.4286,,Succulent Studios,15600,,DHL,GM_Packet_Standard,647,DHL-INTL,,21058,Rainbow Beauty,1,1,,192.0,,0.0,0.0,0.0,0.0,0.0,0.0,0.0,0.0,,192.0,,0.0,0.0,0.0,0.0,0.0,0.0,0.0,0.0,,192.0,,0.0,0.0,0.0,0.0,0.0,0.0,0.0,0.0,,192.0,,0.0,0.0,0.0,0.0,0.0,0.0,0.0,0.0
20550Expedited128,20550,Elite Marketing (Customer),Expedited,128,,,,,2.0,1.0,1.0,2.0,,20550ExpeditedDHL-X9,20550,Elite Marketing (Customer),Expedited,DHL-X,9,,,5.0,13.0,30.0,26.0,30.0,39.0,,20942,PDS Enterprises Inc,2,95,,20574Direct Call,20574DHL-XDirect Call,20574,Peyteybug,DHL-X,Direct Call,1112,4197.33,20,55.6,,Payoneer Inc.,15000,,DHL,GM_Parcel_Direct_Express,14,DHL-INTL,,21064,Lilla Rose Inc.,3758,3758,,208.0,,0.0,0.0,0.0,0.0,0.0,0.0,0.0,0.0,,208.0,,0.0,0.0,0.0,0.0,0.0,0.0,0.0,0.0,,208.0,,0.0,0.0,0.0,0.0,0.0,0.0,0.0,0.0,,208.0,,0.0,0.0,0.0,0.0,0.0,0.0,0.0,0.0
20550Expedited160,20550,Elite Marketing (Customer),Expedited,160,,,,,1.0,,,,,20550ExpeditedDHL-X10,20550,Elite Marketing (Customer),Expedited,DHL-X,10,,,,12.0,6.0,15.0,31.0,38.0,,20954,Intermountain Nutrition,40,588,,20575Direct Call,20575FDXDirect Call,20575,The 2 Family,FDX,Direct Call,1,0,1,1,,Sleekshop,15000,,DHL,GM_Parcel_Direct_Priority,7580,DHL-INTL,,21089,MyIntent Project PBC,4,4,,224.0,,0.0,0.0,0.0,0.0,0.0,0.0,0.0,0.0,,224.0,,0.0,0.0,0.0,0.0,0.0,0.0,0.0,0.0,,224.0,,0.0,0.0,0.0,0.0,0.0,0.0,0.0,0.0,,224.0,,0.0,0.0,0.0,0.0,0.0,0.0,0.0,0.0
20550Expedited176,20550,Elite Marketing (Customer),Expedited,176,,,,,,,,2.0,,20550ExpeditedDHL-X11,20550,Elite Marketing (Customer),Expedited,DHL-X,11,,,1.0,5.0,7.0,15.0,24.0,36.0,,20977,Imomoko,2,2,,20575Direct Call,20575FDXDirect Call,20575,The 2 Family,FDX,Direct Call,1,11.64,1,1,,Product Society,15000,,DHL,GM_Parcel_Priority,5921,DHL-INTL,,21096,Trendnation,1718,1718,,240.0,,0.0,0.0,0.0,0.0,0.0,0.0,0.0,0.0,,240.0,,0.0,0.0,0.0,0.0,0.0,0.0,0.0,0.0,,240.0,,0.0,0.0,0.0,0.0,0.0,0.0,0.0,0.0,,240.0,,0.0,0.0,0.0,0.0,0.0,0.0,0.0,0.0
20550Expedited192,20550,Elite Marketing (Customer),Expedited,192,,,,1.0,,,,4.0,,20550ExpeditedDHL-X12,20550,Elite Marketing (Customer),Expedited,DHL-X,12,,,,2.0,8.0,8.0,12.0,10.0,,20978,BlipShift,41,32607,,20594Direct Call,20594DHL-GDirect Call,20594,Test2,DHL-G,Direct Call,3018,16779.09,2,1509,,OverStock Drug Store,13052,,DHL,GM_Parcel_Standard,1580,DHL-INTL,,21145,Edwards Motorsports and RV Full Throttle,4,4,,256.0,,0.0,0.0,0.0,0.0,0.0,0.0,0.0,0.0,,256.0,,0.0,0.0,0.0,0.0,0.0,0.0,0.0,0.0,,256.0,,0.0,0.0,0.0,0.0,0.0,0.0,0.0,0.0,,256.0,,0.0,0.0,0.0,0.0,0.0,0.0,0.0,0.0
20550Expedited224,20550,Elite Marketing (Customer),Expedited,224,,,,,1.0,1.0,,2.0,,20550ExpeditedDHL-X13,20550,Elite Marketing (Customer),Expedited,DHL-X,13,,2.0,,6.0,7.0,10.0,66.0,43.0,,20996,OverStock Drug Store,41,79877,,20594Direct Call,20594DHL-GDirect Call,20594,Test2,DHL-G,Direct Call,1,8.21,1,1,,Albion Apparel,12945,,DHL,GM_Tax_ID,48,DHL-INTL,,21157,SLC Jacey Lane Boutique,186,186,,272.0,,0.0,0.0,0.0,0.0,0.0,0.0,0.0,0.0,,272.0,,0.0,0.0,0.0,0.0,0.0,0.0,0.0,0.0,,272.0,,0.0,0.0,0.0,0.0,0.0,0.0,0.0,0.0,,272.0,,0.0,0.0,0.0,0.0,0.0,0.0,0.0,0.0
20550Expedited288,20550,Elite Marketing (Customer),Expedited,288,,,,,,,,1.0,,20550ExpeditedDHL-X48,20550,Elite Marketing (Customer),Expedited,DHL-X,48,1.0,,,23.0,23.0,24.0,103.0,87.0,,21046,Granite Seed,41,11355,,20594Direct Call,20594DHL-GDirect Call,20594,Test2,DHL-G,Direct Call,3,24.69,2,1.5,,LW12,12000,,DHL,Priority_Mail,17864,DHL-X,,21173,LoveLocks Inc,393,393,,288.0,,0.0,0.0,0.0,0.0,0.0,0.0,0.0,0.0,,288.0,,0.0,0.0,0.0,0.0,0.0,0.0,0.0,0.0,,288.0,,0.0,0.0,0.0,0.0,0.0,0.0,0.0,0.0,,288.0,,0.0,0.0,0.0,0.0,0.0,0.0,0.0,0.0
20550Expedited336,20550,Elite Marketing (Customer),Expedited,336,,,,,,,,2.0,,20550ExpeditedDHL-X96,20550,Elite Marketing (Customer),Expedited,DHL-X,96,,,1.0,1.0,3.0,,3.0,2.0,,21055,"WAF International, Inc.",8,152,,20594Expedited,20594DHL-GExpedited,20594,Test2,DHL-G,Expedited,6,35.37,1,6,,World Easy LLC,12000,,DHL,Signature_Confirm_Dom,21,,,21177,Ella & Mila Inc,11085,11085,,304.0,,0.0,0.0,0.0,0.0,0.0,0.0,0.0,0.0,,304.0,,0.0,0.0,0.0,0.0,0.0,0.0,0.0,0.0,,304.0,,0.0,0.0,0.0,0.0,0.0,0.0,0.0,0.0,,304.0,,0.0,0.0,0.0,0.0,0.0,0.0,0.0,0.0
20550Expedited400,20550,Elite Marketing (Customer),Expedited,400,,,,,,,,1.0,,20550ExpeditedDHL-X112,20550,Elite Marketing (Customer),Expedited,DHL-X,112,,,,,1.0,,,1.0,,21064,Lilla Rose Inc.,41,23758,,20594Ground,20594DHL-GGround,20594,Test2,DHL-G,Ground,5,36.4,1,5,,Great Western Reserve Corporation,12000,,DHL,SM_BPM_Expedited,1395,DHL-BPM,,21197,DesignerBrandsForLess,224,224,,320.0,,0.0,0.0,0.0,0.0,0.0,0.0,0.0,0.0,,320.0,,0.0,0.0,0.0,0.0,0.0,0.0,0.0,0.0,,320.0,,0.0,0.0,0.0,0.0,0.0,0.0,0.0,0.0,,320.0,,0.0,0.0,0.0,0.0,0.0,0.0,0.0,0.0
20550Expedited405.6,20550,Elite Marketing (Customer),Expedited,405.6,,,,,,,,1.0,,20550ExpeditedDHL-X128,20550,Elite Marketing (Customer),Expedited,DHL-X,128,,,,,,1.0,1.0,2.0,,21089,MyIntent Project PBC,38,38,,20594Direct Call,20594DHL-GMDirect Call,20594,Test2,DHL-GM,Direct Call,2,18.26,1,2,,VB Cosmetics,11069,,DHL,SM_BPM_Ground,30990,DHL-BPM,,21198,Bruce Seed,1,1,,336.0,,0.0,0.0,0.0,0.0,0.0,0.0,0.0,0.0,,336.0,,0.0,0.0,0.0,0.0,0.0,0.0,0.0,0.0,,336.0,,0.0,0.0,0.0,0.0,0.0,0.0,0.0,0.0,,336.0,,0.0,0.0,0.0,0.0,0.0,0.0,0.0,0.0
20550Expedited412.8,20550,Elite Marketing (Customer),Expedited,412.8,,,,,,,,1.0,,20550ExpeditedDHL-X1,20550,Elite Marketing (Customer),Expedited,DHL-X,1,,,1.0,2.0,5.0,5.0,8.0,12.0,,21096,Trendnation,34,1339,,20594Direct Call,20594DHL-GMDirect Call,20594,Test2,DHL-GM,Direct Call,1510,21185.3,1,1510,,Ameriworld Enterprises Inc,10000,,DHL,SM_Flats_Expedited,5715,DHL-Flats,,21202,Quick Box Fulfillment,282508,150561,,352.0,,0.0,0.0,0.0,0.0,0.0,0.0,0.0,0.0,,352.0,,0.0,0.0,0.0,0.0,0.0,0.0,0.0,0.0,,352.0,,0.0,0.0,0.0,0.0,0.0,0.0,0.0,0.0,,352.0,,0.0,0.0,0.0,0.0,0.0,0.0,0.0,0.0
20550Expedited413.6,20550,Elite Marketing (Customer),Expedited,413.6,,,,,,,,1.0,,20550ExpeditedDHL-X2,20550,Elite Marketing (Customer),Expedited,DHL-X,2,,,1.0,3.0,6.0,,2.0,4.0,,21138,Tourism Australia,6,7,,20594Direct Call,20594DHLEXDirect Call,20594,Test2,DHLEX,Direct Call,1,197.6,1,1,,IFS Logix (Customer),10000,,DHL,SM_Flats_Ground,713,DHL-Flats,,21212,Think Pink Bowtique,3674,3674,,368.0,,0.0,0.0,0.0,0.0,0.0,0.0,0.0,0.0,,368.0,,0.0,0.0,0.0,0.0,0.0,0.0,0.0,0.0,,368.0,,0.0,0.0,0.0,0.0,0.0,0.0,0.0,0.0,,368.0,,0.0,0.0,0.0,0.0,0.0,0.0,0.0,0.0
20550Expedited448,20550,Elite Marketing (Customer),Expedited,448,,,,,,,,1.0,,20550ExpeditedDHL-X4,20550,Elite Marketing (Customer),Expedited,DHL-X,4,,,1.0,,3.0,3.0,6.0,4.0,,21145,Edwards Motorsports and RV Full Throttle,36,36,,20594Direct Call,20594FDXDirect Call,20594,Test2,FDX,Direct Call,7,1076.38,2,3.5,,Melinda Maria Designs,10000,,DHL,SM_Marketing_Parcel_Expedited,39336,DHL-Marketing,,21235,Schvartzman Law Office,31,31,,384.0,,0.0,0.0,0.0,0.0,0.0,0.0,0.0,0.0,,384.0,,0.0,0.0,0.0,0.0,0.0,0.0,0.0,0.0,,384.0,,0.0,0.0,0.0,0.0,0.0,0.0,0.0,0.0,,384.0,,0.0,0.0,0.0,0.0,0.0,0.0,0.0,0.0
20550Expedited1,20550,Elite Marketing LLC,Expedited,1,,,2.0,9.0,12.0,14.0,19.0,20.0,,20550ExpeditedDHL-X5,20550,Elite Marketing (Customer),Expedited,DHL-X,5,,,5.0,14.0,42.0,27.0,56.0,54.0,,21157,SLC Jacey Lane Boutique,5,105,,20594Direct Call,20594FDXDirect Call,20594,Test2,FDX,Direct Call,5,83.65,1,5,,WorldPack USA - NV,10000,,DHL,SM_Marketing_Parcel_Ground,5568,DHL-Marketing,,21246,Audio Control,1,1,,400.0,,0.0,0.0,0.0,0.0,0.0,0.0,0.0,0.0,,400.0,,0.0,0.0,0.0,0.0,0.0,0.0,0.0,0.0,,400.0,,0.0,0.0,0.0,0.0,0.0,0.0,0.0,0.0,,400.0,,0.0,0.0,0.0,0.0,0.0,0.0,0.0,0.0
20550Expedited2,20550,Elite Marketing LLC,Expedited,2,,,2.0,5.0,10.0,13.0,13.0,14.0,,20550ExpeditedDHL-X14,20550,Elite Marketing (Customer),Expedited,DHL-X,14,,,1.0,6.0,6.0,6.0,32.0,23.0,,21173,LoveLocks Inc,39,263,,20594Direct Call,20594FM-DDUDirect Call,20594,Test2,FM-DDU,Direct Call,10,169.1,1,10,,Govvi,10000,,DHL,SM_Parcel_Plus_Expedited,150613,DHL-X,,21251,JGW Furniture,4,4,,,,,,,,,,,,,,,,,,,,,,,,,,,,,,,,,,,,,,,,,,,,
20550Expedited3,20550,Elite Marketing LLC,Expedited,3,,,1.0,1.0,5.0,4.0,5.0,1.0,,20550ExpeditedDHL-X15,20550,Elite Marketing (Customer),Expedited,DHL-X,15,,,,2.0,8.0,3.0,15.0,9.0,,21177,Ella & Mila Inc,42,96184,,20594Direct Call,20594FM-DDUDirect Call,20594,Test2,FM-DDU,Direct Call,3,52.58,1,3,,Driftaway Coffee,9146,,DHL,SM_Parcel_Plus_Ground,107790,DHL-G,,21253,Lens.com,102,102,,,,,,,,,,,,,,,,,,,,,,,,,,,,,,,,,,,,,,,,,,,,
20550Expedited4,20550,Elite Marketing LLC,Expedited,4,,,4.0,11.0,34.0,32.0,22.0,29.0,,20550ExpeditedDHL-X160,20550,Elite Marketing (Customer),Expedited,DHL-X,160,,,,,1.0,,,,,21197,DesignerBrandsForLess,10,310,,20594Direct Call,20594FM-DDUDirect Call,20594,Test2,FM-DDU,Direct Call,10,180.1,1,10,,Mirion Technologies,9000,,DHL,SM_Parcels_Expedited,951756,DHL-X,,21257,Thano Tech,701,701,,,Volume Summary ,,,,,,,,,,,,,,,,,,,,,,,,,,,,,,,,,,,,,,,,,
20550Expedited5,20550,Elite Marketing LLC,Expedited,5,2.0,4.0,13.0,66.0,144.0,76.0,132.0,156.0,,20550ExpeditedDHL-X176,20550,Elite Marketing (Customer),Expedited,DHL-X,176,,,,,,,,2.0,,21202,Quick Box Fulfillment,41,1118530,,20594Direct Call,20594ONT RPDDirect Call,20594,Test2,ONT RPD,Direct Call,4,118.84,2,2,,Drive Fulfillment ,9000,,DHL,SM_Parcels_Ground,588570,DHL-G,,21280,Firstmile,2,2,,,Exp Plus,0.0,,,,,,,,,,,,,,,,,,,,,,,,,,,,,,,,,,,,,,,,
20550Expedited6,20550,Elite Marketing LLC,Expedited,6,2.0,14.0,39.0,180.0,479.0,357.0,479.0,518.0,,20550ExpeditedDHL-X224,20550,Elite Marketing (Customer),Expedited,DHL-X,224,,,,,1.0,1.0,,2.0,,21212,Think Pink Bowtique,41,25918,,20594Direct Call,20594ONT RPDDirect Call,20594,Test2,ONT RPD,Direct Call,1,31.49,1,1,,Falcon Fulfillment,9000,,DHL,(blank),1,,,21291,Pride Of India,17,17,,,Priority,0.0,,,,,,,,,,,,,,,,,,,,,,,,,,,,,,,,,,,,,,,,
20550Expedited7,20550,Elite Marketing LLC,Expedited,7,22.0,18.0,45.0,247.0,638.0,515.0,631.0,652.0,,20550ExpeditedDHL-X288,20550,Elite Marketing (Customer),Expedited,DHL-X,288,,,,,,,,1.0,,21229,Processflo,12,24,,20594Direct Call,20594PTMT-FCDirect Call,20594,Test2,PTMT-FC,Direct Call,4,19.25,1,4,,All Filters LLC,8068,,DHL Total,,12087397,,,21294,Primal Nutrition Inc,3415,3415,,,Expedited,0.0,,,,,,,,,,,,,,,,,,,,,,,,,,,,,,,,,,,,,,,,
20550Expedited8,20550,Elite Marketing LLC,Expedited,8,4.0,7.0,19.0,129.0,408.0,305.0,386.0,368.0,,20550ExpeditedDHL-X336,20550,Elite Marketing (Customer),Expedited,DHL-X,336,,,,,,,,2.0,,21246,Audio Control,4,7,,20594Direct Call,20594PTMT-FCDirect Call,20594,Test2,PTMT-FC,Direct Call,6,57.05,1,6,,Family Wagon LLC,8000,,DHLEX,DHLEX_inbound_international,50,DHLEX,,21314,Hip Kit Club,110,110,,,Ground,0.0,,,,,,,,,,,,,,,,,,,,,,,,,,,,,,,,,,,,,,,,
20550Expedited9,20550,Elite Marketing LLC,Expedited,9,,16.0,6.0,71.0,205.0,172.0,209.0,226.0,,20550ExpeditedDHL-X400,20550,Elite Marketing (Customer),Expedited,DHL-X,400,,,,,,,,1.0,,21248,Aeronautic Investments Inc,1,1,,20594Direct Call,20594UPSDirect Call,20594,Test2,UPS,Direct Call,4,132.62,1,4,,Healthy Directions,8000,,DHLEX,DHLEX_worldwide_doc,317,DHLEX,,21318,Glam Air Inc,356,356,,,,,,,,,,,,,,,,,,,,,,,,,,,,,,,,,,,,,,,,,,,,
20550Expedited10,20550,Elite Marketing LLC,Expedited,10,1.0,,4.0,17.0,52.0,48.0,64.0,75.0,,20550ExpeditedFM-DDU32,20550,Elite Marketing (Customer),Expedited,FM-DDU,32,4.0,2.0,,,,,,,,21251,JGW Furniture,10,16,,20598Direct Call,20598Direct Call,20598,Test1,,Direct Call,12,8905.24,1,12,,Superbalife,8000,,DHLEX,DHLEX_worldwide_nondoc,543,DHLEX,,21322,V3 Electric,12,12,,,,,,,,,,,,,,,,,,,,,,,,,,,,,,,,,,,,,,,,,,,,
20550Expedited11,20550,Elite Marketing LLC,Expedited,11,,1.0,5.0,17.0,54.0,40.0,62.0,60.0,,20550ExpeditedFM-DDU6,20550,Elite Marketing (Customer),Expedited,FM-DDU,6,,,,,3.0,,,,,21253,Lens.com,41,269,,20598Direct Call,20598Direct Call,20598,Test1,,Direct Call,3,26.34,1,3,,Xeroshoes,8000,,DHLEX Total,,910,,,21327,Loopy Cases LLC,195,195,,,,,,,,,,,,,,,,,,,,,,,,,,,,,,,,,,,,,,,,,,,,
20550Expedited12,20550,Elite Marketing LLC,Expedited,12,1.0,2.0,5.0,33.0,69.0,47.0,62.0,79.0,,20550ExpeditedFM-DDU7,20550,Elite Marketing (Customer),Expedited,FM-DDU,7,,,,1.0,2.0,,,,,21257,Thano Tech,35,2719,,20598Direct Call,20598Direct Call,20598,Test1,,Direct Call,2,56.94,1,2,,Ella & Mila Inc,7500,,,,,,,21332,Tribe Growth Group LLC,12391,12391,,,,,,,,,,,,,,,,,,,,,,,,,,,,,,,,,,,,,,,,,,,,
20550Expedited13,20550,Elite Marketing LLC,Expedited,13,1.0,2.0,4.0,45.0,84.0,63.0,92.0,104.0,,20550ExpeditedFM-DDU9,20550,Elite Marketing (Customer),Expedited,FM-DDU,9,,,,,1.0,,,,,21280,Firstmile,28,110,,20598Direct Call,20598Direct Call,20598,Test1,,Direct Call,33,12969.54,5,6.6,,Sports Research Corp,7157,,,,,,,21333,EPX Body,770,770,,,,,,,,,,,,,,,,,,,,,,,,,,,,,,,,,,,,,,,,,,,,
20550Expedited14,20550,Elite Marketing LLC,Expedited,14,1.0,,1.0,20.0,38.0,40.0,51.0,51.0,,20550ExpeditedFM-DDU10,20550,Elite Marketing (Customer),Expedited,FM-DDU,10,,,,,1.0,,,,,21289,Anderson Moulds,2,3,,20598Direct Call,20598Direct Call,20598,Test1,,Direct Call,37,526.66,9,4.1111,,Premium Apparel,6474,,,,,,,21342,Total Aviation,2,2,,,,,,,,,,,,,,,,,,,,,,,,,,,,,,,,,,,,,,,,,,,,
20550Expedited15,20550,Elite Marketing LLC,Expedited,15,,1.0,3.0,13.0,49.0,24.0,42.0,50.0,,20550ExpeditedFM-DDU11,20550,Elite Marketing (Customer),Expedited,FM-DDU,11,,,,,1.0,,,,,21291,Pride Of India,30,206,,20598Expedited,20598Expedited,20598,Test1,,Expedited,1,34.32,1,1,,We're Not Really Strangers,6052,,,,,,,21377,Balaji Trading Inc,362,362,,,,,,,,,,,,,,,,,,,,,,,,,,,,,,,,,,,,,,,,,,,,
20550Expedited15.99,20550,Elite Marketing LLC,Expedited,15.99,1.0,2.0,6.0,51.0,116.0,96.0,87.0,117.0,,20550ExpeditedFM-DDU13,20550,Elite Marketing (Customer),Expedited,FM-DDU,13,1.0,,,,,,,,,21294,Primal Nutrition Inc,35,3046,,20598Direct Call,20598Direct Call,20598,Test1,,Direct Call,1,7.83,1,1,,BETTER HOME INTERIORS,6000,,,,,,,21393,Liveglam,11809,11809,,,,,,,,,,,,,,,,,,,,,,,,,,,,,,,,,,,,,,,,,,,,
20550Expedited32,20550,Elite Marketing LLC,Expedited,32,3.0,4.0,9.0,96.0,234.0,154.0,228.0,255.0,,20550ExpeditedFM-DDU48,20550,Elite Marketing (Customer),Expedited,FM-DDU,48,1.0,,,,,,,,,21314,Hip Kit Club,13,747,,20598Direct Call,20598Direct Call,20598,Test1,,Direct Call,1,8.18,1,1,,Deseret Book,6000,,,,,,,21394,TWI Watches LLC,6,6,,,,,,,,,,,,,,,,,,,,,,,,,,,,,,,,,,,,,,,,,,,,
20550Expedited48,20550,Elite Marketing LLC,Expedited,48,,,3.0,23.0,59.0,42.0,57.0,64.0,,20550ExpeditedFM-DDU2,20550,Elite Marketing (Customer),Expedited,FM-DDU,2,,,,,1.0,,,,,21318,Glam Air Inc,10,634,,20598Direct Call,20598Direct Call,20598,Test1,,Direct Call,1,9.67,1,1,,Urban Tradex,6000,,,,,,,21407,Bottleneck Gallery,752,752,,,,,,,,,,,,,,,,,,,,,,,,,,,,,,,,,,,,,,,,,,,,
20550Expedited57,20550,Elite Marketing LLC,Expedited,57,,,,,,,,1.0,,20550ExpeditedFM-DDU5,20550,Elite Marketing (Customer),Expedited,FM-DDU,5,,,,1.0,4.0,,,,,21322,V3 Electric,30,142,,20598Direct Call,20598Direct Call,20598,Test1,,Direct Call,1,7.8,1,1,,Cheef Holdings TX,6000,,,,,,,21416,Young Living Essential Oils,31597,31597,,,,,,,,,,,,,,,,,,,,,,,,,,,,,,,,,,,,,,,,,,,,
20550Expedited64,20550,Elite Marketing LLC,Expedited,64,1.0,2.0,7.0,46.0,125.0,101.0,128.0,137.0,,20550ExpeditedFM-DDU14,20550,Elite Marketing (Customer),Expedited,FM-DDU,14,2.0,,,,,,,,,21327,Loopy Cases LLC,36,1183,,20598Direct Call,20598Direct Call,20598,Test1,,Direct Call,1,31.13,1,1,,Los Angeles Apparel,5870,,,,,,,21426,Xeroshoes,987,987,,,,,,,,,,,,,,,,,,,,,,,,,,,,,,,,,,,,,,,,,,,,
20550Expedited80,20550,Elite Marketing LLC,Expedited,80,,,,11.0,28.0,14.0,26.0,27.0,,20550ExpeditedFM-X32,20550,Elite Marketing (Customer),Expedited,FM-X,32,3.0,,,,,,,,,21332,Tribe Growth Group LLC,41,12829,,20598Direct Call,20598Direct Call,20598,Test1,,Direct Call,1,8.66,1,1,,Pain Relief Technologies,5250,,,,,,,21430,Real Health Products Inc,134,134,,,,,,,,,,,,,,,,,,,,,,,,,,,,,,,,,,,,,,,,,,,,
20550Expedited96,20550,Elite Marketing LLC,Expedited,96,,1.0,,17.0,39.0,17.0,29.0,23.0,,20550ExpeditedFM-X80,20550,Elite Marketing (Customer),Expedited,FM-X,80,1.0,,,,,,,,,21333,EPX Body,31,3260,,20598Direct Call,20598Direct Call,20598,Test1,,Direct Call,2,92.8,1,2,,dae,5000,,,,,,,21442,Capital Printing Co,220,220,,,,,,,,,,,,,,,,,,,,,,,,,,,,,,,,,,,,,,,,,,,,
20550Expedited112,20550,Elite Marketing LLC,Expedited,112,,,,4.0,28.0,5.0,4.0,11.0,,20550ExpeditedFM-X7,20550,Elite Marketing (Customer),Expedited,FM-X,7,1.0,2.0,,,,,,,,21355,First Star Promotions,1,1,,20598Direct Call,20598Direct Call,20598,Test1,,Direct Call,2,139.96,1,2,,Donyu Corp,5000,,,,,,,21446,Rubberbanditz,386,386,,,,,,,,,,,,,,,,,,,,,,,,,,,,,,,,,,,,,,,,,,,,
20550Expedited128,20550,Elite Marketing LLC,Expedited,128,,,1.0,7.0,18.0,7.0,5.0,9.0,,20550ExpeditedFM-X8,20550,Elite Marketing (Customer),Expedited,FM-X,8,1.0,,,,,,,,,21377,Balaji Trading Inc,5,162,,20598Direct Call,20598Direct Call,20598,Test1,,Direct Call,2,175,1,2,,Durhams Brands ,5000,,,,,,,21448,Mothers Lounge,22233,9063,,,,,,,,,,,,,,,,,,,,,,,,,,,,,,,,,,,,,,,,,,,,
20550Expedited144,20550,Elite Marketing LLC,Expedited,144,,,,2.0,7.0,6.0,4.0,9.0,,20550ExpeditedFM-X10,20550,Elite Marketing (Customer),Expedited,FM-X,10,,2.0,,,,,,,,21393,Liveglam,41,77254,,20598Direct Call,20598Direct Call,20598,Test1,,Direct Call,1,107,1,1,,Silver Marker LLC,5000,,,,,,,21452,Omnian Distribution LLC,80,80,,,,,,,,,,,,,,,,,,,,,,,,,,,,,,,,,,,,,,,,,,,,
20550Expedited160,20550,Elite Marketing LLC,Expedited,160,,,,,2.0,,,1.0,,20550ExpeditedFM-X11,20550,Elite Marketing (Customer),Expedited,FM-X,11,1.0,,,,,,,,,21394,TWI Watches LLC,13,20,,20598Direct Call,20598ACI-WSDirect Call,20598,Test1,ACI-WS,Direct Call,6,41.94,1,6,,Test1,5000,,,,,,,21468,Ownaj,111,111,,,,,,,,,,,,,,,,,,,,,,,,,,,,,,,,,,,,,,,,,,,,
20550Expedited176,20550,Elite Marketing LLC,Expedited,176,,,1.0,1.0,6.0,1.0,2.0,3.0,,20550ExpeditedFM-X13,20550,Elite Marketing (Customer),Expedited,FM-X,13,1.0,,,,,,,,,21398,Ship Central,7,286,,20598Direct Call,20598ACI-WSDirect Call,20598,Test1,ACI-WS,Direct Call,20,180,1,20,,Zama,5000,,,,,,,21496,Little Poppy Co,28572,28572,,,,,,,,,,,,,,,,,,,,,,,,,,,,,,,,,,,,,,,,,,,,
20550Expedited192,20550,Elite Marketing LLC,Expedited,192,,,,,4.0,5.0,6.0,12.0,,20550ExpeditedFM-X48,20550,Elite Marketing (Customer),Expedited,FM-X,48,3.0,,,,,,,,,21406,Hookgrip,35,443,,20598Expedited,20598ACI-WSExpedited,20598,Test1,ACI-WS,Expedited,1,4.3,1,1,,Toy World Inc,4339,,,,,,,21523,Brouk & Co,2008,2008,,,,,,,,,,,,,,,,,,,,,,,,,,,,,,,,,,,,,,,,,,,,
20550Expedited208,20550,Elite Marketing LLC,Expedited,208,,,,1.0,3.0,,2.0,6.0,,20550ExpeditedPTMT-FC8,20550,Elite Marketing (Customer),Expedited,PTMT-FC,8,,,,,,,,3.0,,21407,Bottleneck Gallery,39,5997,,20598Ground,20598ACI-WSGround,20598,Test1,ACI-WS,Ground,1,8.98,1,1,,Infinite Cycles Utah Inc,4198,,,,,,,21525,NUMBR8,272,272,,,,,,,,,,,,,,,,,,,,,,,,,,,,,,,,,,,,,,,,,,,,
20550Expedited224,20550,Elite Marketing LLC,Expedited,224,,,,,3.0,3.0,,,,20550ExpeditedPTMT-FC5,20550,Elite Marketing (Customer),Expedited,PTMT-FC,5,,,,,,,,2.0,,21416,Young Living Essential Oils,41,232215,,20598Direct Call,20598DHL-BPMDirect Call,20598,Test1,DHL-BPM,Direct Call,9,53.67,2,4.5,,Test2,4167,,,,,,,21536,Identity Doctor Inc,3637,3637,,,,,,,,,,,,,,,,,,,,,,,,,,,,,,,,,,,,,,,,,,,,
20550Expedited240,20550,Elite Marketing LLC,Expedited,240,,,1.0,5.0,9.0,13.0,15.0,8.0,,20550ExpeditedPTMT-PM32,20550,Elite Marketing (Customer),Expedited,PTMT-PM,32,,,,,,,,2.0,,21421,Splendies Inc,3,4,,20598Direct Call,20598DHL-BPMDirect Call,20598,Test1,DHL-BPM,Direct Call,2,8.56,1,2,,BlipShift,4120,,,,,,,21549,All Filters LLC,11233,11233,,,,,,,,,,,,,,,,,,,,,,,,,,,,,,,,,,,,,,,,,,,,
20550Expedited256,20550,Elite Marketing LLC,Expedited,256,,,,1.0,3.0,2.0,5.0,,,20550ExpeditedPTMT-PM64,20550,Elite Marketing (Customer),Expedited,PTMT-PM,64,,,,,,,,1.0,,21426,Xeroshoes,40,15145,,20598Direct Call,20598DHL-GDirect Call,20598,Test1,DHL-G,Direct Call,6,47.18,2,3,,eHealth Fulfillment,4051,,,,,,,21563,Emazing Lights,1,1,,,,,,,,,,,,,,,,,,,,,,,,,,,,,,,,,,,,,,,,,,,,
20550Expedited272,20550,Elite Marketing LLC,Expedited,272,,,,,1.0,1.0,,,,20550ExpeditedPTMT-PM48,20550,Elite Marketing (Customer),Expedited,PTMT-PM,48,,,,,,,,1.0,,21430,Real Health Products Inc,41,1281,,20598Direct Call,20598DHL-GDirect Call,20598,Test1,DHL-G,Direct Call,3000,16350,1,3000,,Power Tool Superstore,4007,,,,,,,21565,Mighty Club,252,252,,,,,,,,,,,,,,,,,,,,,,,,,,,,,,,,,,,,,,,,,,,,
20550Expedited304,20550,Elite Marketing LLC,Expedited,304,,,,,,,2.0,1.0,,20550ExpeditedPTMT-PM4,20550,Elite Marketing (Customer),Expedited,PTMT-PM,4,,,,,1.0,,,,,21442,Capital Printing Co,39,4532,,20598Direct Call,20598DHL-GDirect Call,20598,Test1,DHL-G,Direct Call,16,105.05,5,3.2,,Atharva,4000,,,,,,,21571,Diathrive,1224,1224,,,,,,,,,,,,,,,,,,,,,,,,,,,,,,,,,,,,,,,,,,,,
20550Expedited320,20550,Elite Marketing LLC,Expedited,320,,,,,,,,2.0,,20550ExpeditedPTMT-PM5,20550,Elite Marketing (Customer),Expedited,PTMT-PM,5,,,,3.0,1.0,4.0,3.0,12.0,,21446,Rubberbanditz,41,2811,,20598Direct Call,20598DHL-GDirect Call,20598,Test1,DHL-G,Direct Call,28,182.3,8,3.5,,Bottleneck Gallery,4000,,,,,,,21572,Love Goodly,376,376,,,,,,,,,,,,,,,,,,,,,,,,,,,,,,,,,,,,,,,,,,,,
20550Expedited336,20550,Elite Marketing LLC,Expedited,336,,,,,,1.0,,1.0,,20550ExpeditedPTMT-PM26.4,20550,Elite Marketing (Customer),Expedited,PTMT-PM,26.4,,,,,,,,2.0,,21448,Mothers Lounge,40,15301,,20598Direct Call,20598DHL-GDirect Call,20598,Test1,DHL-G,Direct Call,7,42.73,3,2.3333,,DYLN Inc,4000,,,,,,,21585,Toy World Inc,2857,2857,,,,,,,,,,,,,,,,,,,,,,,,,,,,,,,,,,,,,,,,,,,,
20550Expedited352,20550,Elite Marketing LLC,Expedited,352,,1.0,,2.0,,2.0,,1.0,,20550ExpeditedPTMT-PM30.4,20550,Elite Marketing (Customer),Expedited,PTMT-PM,30.4,,,,,,,,1.0,,21452,Omnian Distribution LLC,40,587,,20598Expedited,20598DHL-GExpedited,20598,Test1,DHL-G,Expedited,1,6.23,1,1,,Liveglam,4000,,,,,,,21590,Balec Group,1015,1015,,,,,,,,,,,,,,,,,,,,,,,,,,,,,,,,,,,,,,,,,,,,
20550Expedited544,20550,Elite Marketing LLC,Expedited,544,,,,,,1.0,,,,20550ExpeditedPTMT-PM44,20550,Elite Marketing (Customer),Expedited,PTMT-PM,44,,,,,,,,1.0,,21468,Ownaj,15,222,,20598Expedited,20598DHL-GExpedited,20598,Test1,DHL-G,Expedited,1,6.23,1,1,,RPG Ventures Pte Ltd,4000,,,,,,,21595,Southern Hydrographics LLC,1699,1699,,,,,,,,,,,,,,,,,,,,,,,,,,,,,,,,,,,,,,,,,,,,
20550Expedited784,20550,Elite Marketing LLC,Expedited,784,,,,3.0,6.0,4.0,3.0,12.0,,20550ExpeditedPTMT-PM405.6,20550,Elite Marketing (Customer),Expedited,PTMT-PM,405.6,,,,,,,,1.0,,21496,Little Poppy Co,39,214730,,20598Expedited,20598DHL-GExpedited,20598,Test1,DHL-G,Expedited,2,12.46,1,2,,USA Fulfillment,3829,,,,,,,21614,Replacement Laptop Keys,4160,4160,,,,,,,,,,,,,,,,,,,,,,,,,,,,,,,,,,,,,,,,,,,,
20550Ground7,20550,Elite Marketing LLC,Ground,7,,,,,,,,1.0,,20550ExpeditedPTMT-PM412.8,20550,Elite Marketing (Customer),Expedited,PTMT-PM,412.8,,,,,,,,1.0,,21499,Sharp Shirter,1,2,,20598Ground,20598DHL-GGround,20598,Test1,DHL-G,Ground,1,6.34,1,1,,Boxio Ship,3704,,,,,,,21640,Venturi Belts Company,184,184,,,,,,,,,,,,,,,,,,,,,,,,,,,,,,,,,,,,,,,,,,,,
20550Priority8,20550,Elite Marketing LLC,Priority,8,,,,,,,,1.0,,20550ExpeditedPTMT-PM413.6,20550,Elite Marketing (Customer),Expedited,PTMT-PM,413.6,,,,,,,,1.0,,21525,NUMBR8,31,1735,,20598Direct Call,20598DHL-GMDirect Call,20598,Test1,DHL-GM,Direct Call,8,117.15,1,8,,NeuroGum Inc,3500,,,,,,,21646,Avenue Be,1,1,,,,,,,,,,,,,,,,,,,,,,,,,,,,,,,,,,,,,,,,,,,,
20550Priority32,20550,Elite Marketing LLC,Priority,32,,,,,,,,2.0,,20550ExpeditedPTMT-PM448,20550,Elite Marketing (Customer),Expedited,PTMT-PM,448,,,,,,,,1.0,,21536,Identity Doctor Inc,41,30757,,20598Direct Call,20598DHL-GMDirect Call,20598,Test1,DHL-GM,Direct Call,22,411.5,5,4.4,,O.C. Tanner,3458,,,,,,,21668,JessaKae,7011,7011,,,,,,,,,,,,,,,,,,,,,,,,,,,,,,,,,,,,,,,,,,,,
20574Expedited1,20574,Peyteybug,Expedited,1,16.0,13.0,15.0,78.0,292.0,461.0,336.0,106.0,,20550ExpeditedACI-WS15.99,20550,Elite Marketing LLC,Expedited,ACI-WS,15.99,,,,7.0,19.0,,,,,21549,All Filters LLC,42,43016,,20598Direct Call,20598DHL-GMDirect Call,20598,Test1,DHL-GM,Direct Call,12,84.45,2,6,,LDS Bookstore,3414,,,,,,,21675,HBT International,1,1,,,,,,,,,,,,,,,,,,,,,,,,,,,,,,,,,,,,,,,,,,,,
20574Expedited2,20574,Peyteybug,Expedited,2,21.0,21.0,16.0,59.0,301.0,411.0,262.0,109.0,,20550ExpeditedACI-WS32,20550,Elite Marketing LLC,Expedited,ACI-WS,32,,,,9.0,26.0,,,,,21565,Mighty Club,2,3,,20598Direct Call,20598DHL-GMDirect Call,20598,Test1,DHL-GM,Direct Call,1,11.02,1,1,,Pastor Villareal Inc,3332,,,,,,,21680,Cargo Cove Fulfillment,7186,7186,,,,,,,,,,,,,,,,,,,,,,,,,,,,,,,,,,,,,,,,,,,,
20574Expedited3,20574,Peyteybug,Expedited,3,3.0,1.0,5.0,20.0,81.0,124.0,75.0,25.0,,20550ExpeditedACI-WS80,20550,Elite Marketing LLC,Expedited,ACI-WS,80,,,,,7.0,,,,,21571,Diathrive,41,11919,,20598Direct Call,20598DHL-GMDirect Call,20598,Test1,DHL-GM,Direct Call,1,17,1,1,,Access Denied LLC,3252,,,,,,,21681,Elite Marketing LLC,92851,90306,,,,,,,,,,,,,,,,,,,,,,,,,,,,,,,,,,,,,,,,,,,,
20574Expedited4,20574,Peyteybug,Expedited,4,7.0,1.0,1.0,6.0,40.0,68.0,47.0,17.0,,20550ExpeditedACI-WS192,20550,Elite Marketing LLC,Expedited,ACI-WS,192,,,,,1.0,,,,,21572,Love Goodly,9,1042,,20598Direct Call,20598DHL-GMDirect Call,20598,Test1,DHL-GM,Direct Call,1,13.88,1,1,,Identity Doctor Inc,3176,,,,,,,21682,Persnickety Prints,1,1,,,,,,,,,,,,,,,,,,,,,,,,,,,,,,,,,,,,,,,,,,,,
20574Expedited5,20574,Peyteybug,Expedited,5,2.0,1.0,,4.0,20.0,31.0,19.0,4.0,,20550ExpeditedACI-WS64,20550,Elite Marketing LLC,Expedited,ACI-WS,64,,,,1.0,8.0,,,,,21577,"Dime Beauty Co, LLC",32,38578,,20598Direct Call,20598DHL-GMDirect Call,20598,Test1,DHL-GM,Direct Call,1,17,1,1,,Myers Detox LLC,3078,,,,,,,21717,Sacred Bones,727,727,,,,,,,,,,,,,,,,,,,,,,,,,,,,,,,,,,,,,,,,,,,,
20574Expedited6,20574,Peyteybug,Expedited,6,,,,1.0,3.0,9.0,6.0,1.0,,20550ExpeditedACI-WS6,20550,Elite Marketing LLC,Expedited,ACI-WS,6,,,,6.0,40.0,,,,,21585,Toy World Inc,41,18323,,20598Direct Call,20598DHL-GMDirect Call,20598,Test1,DHL-GM,Direct Call,1,14.63,1,1,,Front Range Enterprise and Communications,3064,,,,,,,21719,Los Angeles Apparel,5944,5944,,,,,,,,,,,,,,,,,,,,,,,,,,,,,,,,,,,,,,,,,,,,
20574Expedited7,20574,Peyteybug,Expedited,7,,,,,4.0,8.0,2.0,3.0,,20550ExpeditedACI-WS7,20550,Elite Marketing LLC,Expedited,ACI-WS,7,,,,12.0,47.0,,,,,21590,Balec Group,4,4,,20598Direct Call,20598DHL-GMDirect Call,20598,Test1,DHL-GM,Direct Call,1,16.62,1,1,,Sacred Bones,3000,,,,,,,21723,On Demand Fulfillment,951,951,,,,,,,,,,,,,,,,,,,,,,,,,,,,,,,,,,,,,,,,,,,,
20574Expedited8,20574,Peyteybug,Expedited,8,,,,,1.0,2.0,1.0,1.0,,20550ExpeditedACI-WS8,20550,Elite Marketing LLC,Expedited,ACI-WS,8,,,,9.0,58.0,,,,,21595,Southern Hydrographics LLC,21,5713,,20598Direct Call,20598DHL-GMDirect Call,20598,Test1,DHL-GM,Direct Call,1,17.8,1,1,,Think Pink Bowtique,2980,,,,,,,21745,UTAH ENERGY SAVERS,17,17,,,,,,,,,,,,,,,,,,,,,,,,,,,,,,,,,,,,,,,,,,,,
20574Expedited9,20574,Peyteybug,Expedited,9,,,,,,3.0,4.0,,,20550ExpeditedACI-WS9,20550,Elite Marketing LLC,Expedited,ACI-WS,9,,,,3.0,14.0,,,,,21597,SkivvieNIX,5,31,,20598Direct Call,20598DHL-GMDirect Call,20598,Test1,DHL-GM,Direct Call,1,47.1,1,1,,Ducksung Inc,2746,,,,,,,21771,Hospital Productions,64,64,,,,,,,,,,,,,,,,,,,,,,,,,,,,,,,,,,,,,,,,,,,,
20574Expedited11,20574,Peyteybug,Expedited,11,,,,,1.0,1.0,,,,20550ExpeditedACI-WS10,20550,Elite Marketing LLC,Expedited,ACI-WS,10,,,,1.0,6.0,,,,,21614,Replacement Laptop Keys,40,25610,,20598Direct Call,20598DHL-GMDirect Call,20598,Test1,DHL-GM,Direct Call,1,49.17,1,1,,Motion RC LLC,2702,,,,,,,21778,Posh Peanut Inc,30071,30071,,,,,,,,,,,,,,,,,,,,,,,,,,,,,,,,,,,,,,,,,,,,
20594Expedited5,20594,Test2,Expedited,5,,,,,,,5.0,,,20550ExpeditedACI-WS11,20550,Elite Marketing LLC,Expedited,ACI-WS,11,,,,5.0,8.0,,,,,21640,Venturi Belts Company,41,268,,20598Direct Call,20598DHL-XDirect Call,20598,Test1,DHL-X,Direct Call,4,25.39,2,2,,Lilla Rose Inc.,2626,,,,,,,21779,Prime Pacific Connections,1,1,,,,,,,,,,,,,,,,,,,,,,,,,,,,,,,,,,,,,,,,,,,,
20594Expedited12,20594,Test2,Expedited,12,,,,,3.0,,,,,20550ExpeditedACI-WS12,20550,Elite Marketing LLC,Expedited,ACI-WS,12,,,,6.0,14.0,,,,,21660,zyptest,3,53,,20598Direct Call,20598DHL-XDirect Call,20598,Test1,DHL-X,Direct Call,5,40.37,2,2.5,,Sewing Machine Plus,2598,,,,,,,21780,IFS Logix (Customer),83344,83344,,,,,,,,,,,,,,,,,,,,,,,,,,,,,,,,,,,,,,,,,,,,
20594Expedited80,20594,Test2,Expedited,80,,,,,,,5.0,,,20550ExpeditedACI-WS13,20550,Elite Marketing LLC,Expedited,ACI-WS,13,,,,5.0,10.0,,,,,21668,JessaKae,20,10297,,20598Expedited,20598DHL-XExpedited,20598,Test1,DHL-X,Expedited,1,14.15,1,1,,Grace Eleyae,2555,,,,,,,21784,Corda LLC,15,15,,,,,,,,,,,,,,,,,,,,,,,,,,,,,,,,,,,,,,,,,,,,
20594Ground12,20594,Test2,Ground,12,,,,,7.0,,,,,20550ExpeditedACI-WS48,20550,Elite Marketing LLC,Expedited,ACI-WS,48,,,,1.0,15.0,,,,,21675,HBT International,1,1,,20598Ground,20598DHL-XGround,20598,Test1,DHL-X,Ground,1,15.5,1,1,,JSculpt Fitness,2434,,,,,,,21785,Terra di Siena USA LLC,1,1,,,,,,,,,,,,,,,,,,,,,,,,,,,,,,,,,,,,,,,,,,,,
20594Priority12,20594,Test2,Priority,12,,,,6.0,4.0,,,,,20550ExpeditedACI-WS96,20550,Elite Marketing LLC,Expedited,ACI-WS,96,,,,1.0,3.0,,,,,21680,Cargo Cove Fulfillment,17,51,,20598Priority,20598DHL-XPriority,20598,Test1,DHL-X,Priority,1,16.57,1,1,,Live Your Truth,2152,,,,,,,21805,LOLA,37927,37921,,,,,,,,,,,,,,,,,,,,,,,,,,,,,,,,,,,,,,,,,,,,
20594error - Label type not mapped5,20594,Test2,error - Label type not mapped,5,,,,,,,5.0,,,20550ExpeditedACI-WS112,20550,Elite Marketing LLC,Expedited,ACI-WS,112,,,,2.0,22.0,,,,,21681,Elite Marketing LLC,41,111104,,20598Exp Plus,20598DHL-XExp Plus,20598,Test1,DHL-X,Exp Plus,1,18.05,1,1,,Elite Marketing (Customer),2100,,,,,,,21814,Robbins Sports,12,12,,,,,,,,,,,,,,,,,,,,,,,,,,,,,,,,,,,,,,,,,,,,
20594error - Label type not mapped12,20594,Test2,error - Label type not mapped,12,,,,,15.0,,,,,20550ExpeditedACI-WS128,20550,Elite Marketing LLC,Expedited,ACI-WS,128,,,,2.0,13.0,,,,,21682,Persnickety Prints,2,2,,20598Direct Call,20598DHLEXDirect Call,20598,Test1,DHLEX,Direct Call,6,2450.16,1,6,,Tribe Growth Group LLC,2071,,,,,,,21826,Stuhrling Original LLC,428,428,,,,,,,,,,,,,,,,,,,,,,,,,,,,,,,,,,,,,,,,,,,,
20594error - Label type not mapped15.99,20594,Test2,error - Label type not mapped,15.99,,,,3000.0,,,,,,20550ExpeditedACI-WS5,20550,Elite Marketing LLC,Expedited,ACI-WS,5,,,,,1.0,,,,,21717,Sacred Bones,41,5525,,20598Direct Call,20598DHLEXDirect Call,20598,Test1,DHLEX,Direct Call,14,62343.37,1,14,,Brightbox LLC ,2000,,,,,,,21828,Triple Arm,206,206,,,,,,,,,,,,,,,,,,,,,,,,,,,,,,,,,,,,,,,,,,,,
20594error - Label type not mapped48,20594,Test2,error - Label type not mapped,48,,,,,,,1.0,,,20550ExpeditedACI-WS14,20550,Elite Marketing LLC,Expedited,ACI-WS,14,,,,,5.0,,,,,21719,Los Angeles Apparel,41,43745,,20598Direct Call,20598DHLEXDirect Call,20598,Test1,DHLEX,Direct Call,2,3.1,1,2,,Capital Printing Co,2000,,,,,,,21843,Hasko Trading Inc,1,1,,,,,,,,,,,,,,,,,,,,,,,,,,,,,,,,,,,,,,,,,,,,
20594error - Label type not mapped64,20594,Test2,error - Label type not mapped,64,,,,,,,1.0,,,20550ExpeditedACI-WS15,20550,Elite Marketing LLC,Expedited,ACI-WS,15,,,,6.0,6.0,,,,,21723,On Demand Fulfillment,41,26839,,20598Direct Call,20598FDXDirect Call,20598,Test1,FDX,Direct Call,42,2004.67,4,10.5,,Granite Seed,2000,,,,,,,21844,eHealth Fulfillment,3390,3390,,,,,,,,,,,,,,,,,,,,,,,,,,,,,,,,,,,,,,,,,,,,
20594error - Label type not mapped80,20594,Test2,error - Label type not mapped,80,,,,,5.0,,6.0,,,20550ExpeditedACI-WS160,20550,Elite Marketing LLC,Expedited,ACI-WS,160,,,,,1.0,,,,,21725,GT Throne LLC,6,10,,20598Direct Call,20598FDXDirect Call,20598,Test1,FDX,Direct Call,24,1041.9,3,8,,LeCore Logic Inc,2000,,,,,,,21864,Tile Inc.,96868,96868,,,,,,,,,,,,,,,,,,,,,,,,,,,,,,,,,,,,,,,,,,,,
20598Expedited5,20598,Test1,Expedited,5,,,1.0,,5.0,,,,,20550ExpeditedACI-WS176,20550,Elite Marketing LLC,Expedited,ACI-WS,176,,,,,3.0,,,,,21736,Urban Necessities,6,12,,20598Direct Call,20598FDXDirect Call,20598,Test1,FDX,Direct Call,6,0,1,6,,Petit Vour,2000,,,,,,,21867,Sweet Lovely Inc,59,59,,,,,,,,,,,,,,,,,,,,,,,,,,,,,,,,,,,,,,,,,,,,
20598Expedited8,20598,Test1,Expedited,8,,,,,2.0,,,,,20550ExpeditedACI-WS224,20550,Elite Marketing LLC,Expedited,ACI-WS,224,,,,,1.0,,,,,21745,UTAH ENERGY SAVERS,38,113,,20598Direct Call,20598FM-DDUDirect Call,20598,Test1,FM-DDU,Direct Call,2,26.28,1,2,,Replacement Laptop Keys,2000,,,,,,,21868,Bohme,15447,15447,,,,,,,,,,,,,,,,,,,,,,,,,,,,,,,,,,,,,,,,,,,,
20598Expedited10,20598,Test1,Expedited,10,,,,,,,1.0,,,20550ExpeditedACI-WS144,20550,Elite Marketing LLC,Expedited,ACI-WS,144,,,,,2.0,,,,,21766,Jvini Fashions,1,2,,20598Direct Call,20598FM-DDUDirect Call,20598,Test1,FM-DDU,Direct Call,1,5.91,1,1,,Benne Tek,2000,,,,,,,21880,LeCore Logic Inc,6148,6148,,,,,,,,,,,,,,,,,,,,,,,,,,,,,,,,,,,,,,,,,,,,
20598Expedited12,20598,Test1,Expedited,12,,,1.0,,4.0,,,,,20550ExpeditedACI-WS240,20550,Elite Marketing LLC,Expedited,ACI-WS,240,,,,1.0,1.0,,,,,21771,Hospital Productions,40,779,,20598Direct Call,20598FM-DDUDirect Call,20598,Test1,FM-DDU,Direct Call,2,19.05,1,2,,Native Path,2000,,,,,,,21891,Ducksung Inc,6447,6447,,,,,,,,,,,,,,,,,,,,,,,,,,,,,,,,,,,,,,,,,,,,
20598Expedited15.99,20598,Test1,Expedited,15.99,,,,,2.0,,,,,20550ExpeditedACI-WS256,20550,Elite Marketing LLC,Expedited,ACI-WS,256,,,,1.0,2.0,,,,,21775,Theatre FX LLC,2,3,,20598Direct Call,20598FM-DDUDirect Call,20598,Test1,FM-DDU,Direct Call,2,19.05,1,2,,Viva 5 Corporation,1800,,,,,,,21894,Commend,299,299,,,,,,,,,,,,,,,,,,,,,,,,,,,,,,,,,,,,,,,,,,,,
20598Expedited32,20598,Test1,Expedited,32,,,1.0,,2.0,,,,,20550ExpeditedDHL-X15.99,20550,Elite Marketing LLC,Expedited,DHL-X,15.99,,1.0,6.0,44.0,96.0,96.0,87.0,116.0,,21778,Posh Peanut Inc,41,291105,,20598Direct Call,20598FM-GDirect Call,20598,Test1,FM-G,Direct Call,1,24.56,1,1,,Pure Bulk,1718,,,,,,,21895,Long Island Electrical Systems,109,109,,,,,,,,,,,,,,,,,,,,,,,,,,,,,,,,,,,,,,,,,,,,
20598Expedited48,20598,Test1,Expedited,48,,,2.0,,,,,,,20550ExpeditedDHL-X32,20550,Elite Marketing LLC,Expedited,DHL-X,32,,2.0,9.0,87.0,206.0,152.0,225.0,246.0,,21780,IFS Logix (Customer),41,23748,,20598Direct Call,20598FM-PDirect Call,20598,Test1,FM-P,Direct Call,4,69.04,1,4,,LV's Global LLC,1674,,,,,,,21906,Strong Selfie,1714,1714,,,,,,,,,,,,,,,,,,,,,,,,,,,,,,,,,,,,,,,,,,,,
20598Expedited80,20598,Test1,Expedited,80,,,1.0,,,,,,,20550ExpeditedDHL-X80,20550,Elite Marketing LLC,Expedited,DHL-X,80,,,,11.0,21.0,14.0,26.0,25.0,,21784,Corda LLC,30,162,,20598Direct Call,20598FM-XDirect Call,20598,Test1,FM-X,Direct Call,1,15.32,1,1,,Acupuncture Atlanta,1500,,,,,,,21910,Alabama Wholesale Socks Inc,3826,3826,,,,,,,,,,,,,,,,,,,,,,,,,,,,,,,,,,,,,,,,,,,,
20598Expedited160,20598,Test1,Expedited,160,,,,,1.0,,,,,20550ExpeditedDHL-X192,20550,Elite Marketing LLC,Expedited,DHL-X,192,,,,,3.0,5.0,6.0,12.0,,21785,Terra di Siena USA LLC,10,11,,20598Direct Call,20598LSO RPDDirect Call,20598,Test1,LSO RPD,Direct Call,2,62.54,1,2,,Diathrive,1500,,,,,,,21919,Nussentials,4,4,,,,,,,,,,,,,,,,,,,,,,,,,,,,,,,,,,,,,,,,,,,,
20598Exp Plus0.4,20598,Test1,Exp Plus,0.4,,,1.0,,,,,,,20550ExpeditedDHL-X64,20550,Elite Marketing LLC,Expedited,DHL-X,64,,,7.0,45.0,117.0,100.0,128.0,137.0,,21805,LOLA,41,342057,,20598Direct Call,20598LSO RPDDirect Call,20598,Test1,LSO RPD,Direct Call,1,26,1,1,,EPX Body,1500,,,,,,,21928,Rok Inc.,1,1,,,,,,,,,,,,,,,,,,,,,,,,,,,,,,,,,,,,,,,,,,,,
20598Exp Plus5,20598,Test1,Exp Plus,5,,,,,1.0,,,,,20550ExpeditedDHL-X6,20550,Elite Marketing LLC,Expedited,DHL-X,6,,10.0,39.0,173.0,429.0,357.0,478.0,517.0,,21814,Robbins Sports,23,98,,20598Direct Call,20598LSO RPDDirect Call,20598,Test1,LSO RPD,Direct Call,1,33.76,1,1,,Hip Kit Club,1500,,,,,,,21930,Pink Princess,10637,10637,,,,,,,,,,,,,,,,,,,,,,,,,,,,,,,,,,,,,,,,,,,,
20598Ground5,20598,Test1,Ground,5,,,,,1.0,,,,,20550ExpeditedDHL-X7,20550,Elite Marketing LLC,Expedited,DHL-X,7,3.0,8.0,45.0,234.0,588.0,513.0,631.0,652.0,,21826,Stuhrling Original LLC,40,1646,,20598Ground,20598LSO RPDGround,20598,Test1,LSO RPD,Ground,1,32.4,1,1,,Jack Rogers,1500,,,,,,,21936,Herlee LLC,174,174,,,,,,,,,,,,,,,,,,,,,,,,,,,,,,,,,,,,,,,,,,,,
20598Ground7,20598,Test1,Ground,7,,,,,,,1.0,,,20550ExpeditedDHL-X8,20550,Elite Marketing LLC,Expedited,DHL-X,8,,4.0,18.0,118.0,343.0,302.0,380.0,361.0,,21828,Triple Arm,39,2148,,20598Direct Call,20598LZR RPDDirect Call,20598,Test1,LZR RPD,Direct Call,3,47.95,2,1.5,,Pink Princess,1500,,,,,,,21940,TeeHee Socks,686,686,,,,,,,,,,,,,,,,,,,,,,,,,,,,,,,,,,,,,,,,,,,,
20598Ground8,20598,Test1,Ground,8,,,,2.0,3.0,,,,,20550ExpeditedDHL-X9,20550,Elite Marketing LLC,Expedited,DHL-X,9,,11.0,6.0,68.0,191.0,172.0,209.0,225.0,,21843,Hasko Trading Inc,1,1,,20598Direct Call,20598NGSDirect Call,20598,Test1,NGS,Direct Call,17,1246.36,3,5.6667,,Obsessions Boutique,1300,,,,,,,21946,Busy Bod Leos,391,391,,,,,,,,,,,,,,,,,,,,,,,,,,,,,,,,,,,,,,,,,,,,
20598Ground10,20598,Test1,Ground,10,,,,1.0,,,,,,20550ExpeditedDHL-X10,20550,Elite Marketing LLC,Expedited,DHL-X,10,,,4.0,16.0,45.0,48.0,64.0,75.0,,21844,eHealth Fulfillment,27,6833,,20598Direct Call,20598NGSDirect Call,20598,Test1,NGS,Direct Call,5,63.33,2,2.5,,,1200,,,,,,,21951,NovaShip,1,1,,,,,,,,,,,,,,,,,,,,,,,,,,,,,,,,,,,,,,,,,,,,
20598Ground12,20598,Test1,Ground,12,,,,1.0,14.0,,,,,20550ExpeditedDHL-X11,20550,Elite Marketing LLC,Expedited,DHL-X,11,,1.0,5.0,12.0,46.0,39.0,61.0,60.0,,21859,Southbay Core,6,68,,20598Direct Call,20598NGSDirect Call,20598,Test1,NGS,Direct Call,4,44.28,2,2,,ALL PURPOSE BRANDING LLC,1000,,,,,,,21957,RPG Ventures Pte Ltd,250,250,,,,,,,,,,,,,,,,,,,,,,,,,,,,,,,,,,,,,,,,,,,,
20598Ground15.99,20598,Test1,Ground,15.99,2.0,,,8.0,21.0,,3.0,,,20550ExpeditedDHL-X12,20550,Elite Marketing LLC,Expedited,DHL-X,12,,,5.0,27.0,55.0,46.0,62.0,78.0,,21864,Tile Inc.,39,406337,,20598Direct Call,20598NGS-RNSDirect Call,20598,Test1,NGS-RNS,Direct Call,4,45.63,1,4,,Butterfly-Box,1000,,,,,,,21962,Xintiandi Tech Corp,1,1,,,,,,,,,,,,,,,,,,,,,,,,,,,,,,,,,,,,,,,,,,,,
20598Ground32,20598,Test1,Ground,32,,,8.0,8.0,1.0,,,,,20550ExpeditedDHL-X13,20550,Elite Marketing LLC,Expedited,DHL-X,13,1.0,2.0,4.0,40.0,73.0,63.0,92.0,104.0,,21868,Bohme,42,145317,,20598Direct Call,20598NGS-RNSDirect Call,20598,Test1,NGS-RNS,Direct Call,4,45.63,1,4,,Intermountain Nutrition,1000,,,,,,,21967,Citrus Twist,20,20,,,,,,,,,,,,,,,,,,,,,,,,,,,,,,,,,,,,,,,,,,,,
20598Ground48,20598,Test1,Ground,48,,,,,1.0,,,,,20550ExpeditedDHL-X48,20550,Elite Marketing LLC,Expedited,DHL-X,48,,,3.0,21.0,44.0,42.0,52.0,59.0,,21875,Daisy Leo Limited LLC,1,1,,20598Direct Call,20598ONT RPDDirect Call,20598,Test1,ONT RPD,Direct Call,2,27.44,2,1,,On Demand Fulfillment,1000,,,,,,,21979,Infinite Cycles Utah Inc,19957,19957,,,,,,,,,,,,,,,,,,,,,,,,,,,,,,,,,,,,,,,,,,,,
20598Ground80,20598,Test1,Ground,80,,,,,3.0,,,,,20550ExpeditedDHL-X96,20550,Elite Marketing LLC,Expedited,DHL-X,96,,1.0,,16.0,36.0,17.0,29.0,23.0,,21880,LeCore Logic Inc,41,29031,,20598Direct Call,20598ONT RPDDirect Call,20598,Test1,ONT RPD,Direct Call,1,13.72,1,1,,Posterazzi Corp,1000,,,,,,,21981,RSL (Customer),356439,88829,,,,,,,,,,,,,,,,,,,,,,,,,,,,,,,,,,,,,,,,,,,,
20598Ground160,20598,Test1,Ground,160,,,,,1.0,,,,,20550ExpeditedDHL-X112,20550,Elite Marketing LLC,Expedited,DHL-X,112,,,,2.0,6.0,5.0,4.0,10.0,,21891,Ducksung Inc,41,10273,,20598Direct Call,20598ONT RPDDirect Call,20598,Test1,ONT RPD,Direct Call,5,82.15,3,1.6667,,Ta-Ta Towels LLC,1000,,,,,,,21982,RSL (Customer),356439,54885,,,,,,,,,,,,,,,,,,,,,,,,,,,,,,,,,,,,,,,,,,,,
20598Ground384,20598,Test1,Ground,384,,,,3.0,,,,,,20550ExpeditedDHL-X128,20550,Elite Marketing LLC,Expedited,DHL-X,128,,,1.0,5.0,5.0,6.0,5.0,9.0,,21894,Commend,40,1322,,20598Direct Call,20598ONT RPDDirect Call,20598,Test1,ONT RPD,Direct Call,3,41.16,2,1.5,,Temporary Residence Ltd,1000,,,,,,,21984,RSL (Customer),356439,46466,,,,,,,,,,,,,,,,,,,,,,,,,,,,,,,,,,,,,,,,,,,,
20598Ground432,20598,Test1,Ground,432,,,,,2.0,,,,,20550ExpeditedDHL-X1,20550,Elite Marketing LLC,Expedited,DHL-X,1,,,2.0,9.0,9.0,14.0,19.0,20.0,,21895,Long Island Electrical Systems,34,297,,20598Direct Call,20598ONT RPDDirect Call,20598,Test1,ONT RPD,Direct Call,3,41.16,1,3,,Triple Arm,1000,,,,,,,21986,RSL (Customer),356439,22786,,,,,,,,,,,,,,,,,,,,,,,,,,,,,,,,,,,,,,,,,,,,
20598Priority1,20598,Test1,Priority,1,,,,,1.0,,,,,20550ExpeditedDHL-X2,20550,Elite Marketing LLC,Expedited,DHL-X,2,,,2.0,5.0,9.0,13.0,13.0,14.0,,21906,Strong Selfie,12,11806,,20598Direct Call,20598ONTRACDirect Call,20598,Test1,ONTRAC,Direct Call,3,57.32,2,1.5,,Virtual Label LLC,1000,,,,,,,21987,RSL (Customer),356439,75927,,,,,,,,,,,,,,,,,,,,,,,,,,,,,,,,,,,,,,,,,,,,
20598Priority5,20598,Test1,Priority,5,,,,,2.0,,,,,20550ExpeditedDHL-X4,20550,Elite Marketing LLC,Expedited,DHL-X,4,,,4.0,9.0,29.0,29.0,20.0,29.0,,21910,Alabama Wholesale Socks Inc,41,2507,,20598Direct Call,20598OSMDirect Call,20598,Test1,OSM,Direct Call,4,63.88,1,4,,Christmas By Krebs,1000,,,,,,,21988,RSL (Customer),356439,11175,,,,,,,,,,,,,,,,,,,,,,,,,,,,,,,,,,,,,,,,,,,,
20598Priority12,20598,Test1,Priority,12,,,,,20.0,,,,,20550ExpeditedDHL-X5,20550,Elite Marketing LLC,Expedited,DHL-X,5,,3.0,13.0,65.0,134.0,76.0,132.0,156.0,,21919,Nussentials,15,15,,20598Direct Call,20598PO-FCDirect Call,20598,Test1,PO-FC,Direct Call,2,12.2,1,2,,Hourglass Angel,779,,,,,,,21989,RSL (Customer),356439,12857,,,,,,,,,,,,,,,,,,,,,,,,,,,,,,,,,,,,,,,,,,,,
20598Priority160,20598,Test1,Priority,160,,,,,5.0,,,,,20550ExpeditedDHL-X14,20550,Elite Marketing LLC,Expedited,DHL-X,14,,,1.0,20.0,33.0,40.0,51.0,51.0,,21929,"CHOCZERO, INC.",2,2,,20598Direct Call,20598PTMT-FCDirect Call,20598,Test1,PTMT-FC,Direct Call,1,18.7,1,1,,Cara Loren Shop LLC,750,,,,,,,21990,RSL (Customer),356439,43514,,,,,,,,,,,,,,,,,,,,,,,,,,,,,,,,,,,,,,,,,,,,
20598error - Label type not mapped0,20598,Test1,error - Label type not mapped,0,,,,1.0,,,,,,20550ExpeditedDHL-X15,20550,Elite Marketing LLC,Expedited,DHL-X,15,,,2.0,7.0,42.0,24.0,39.0,50.0,,21930,Pink Princess,41,14582,,20598Direct Call,20598PTMT-FCDirect Call,20598,Test1,PTMT-FC,Direct Call,6,60.2,1,6,,Easy Group LLC,750,,,,,,,22005,Nature's Fusions Essential Oils,193,193,,,,,,,,,,,,,,,,,,,,,,,,,,,,,,,,,,,,,,,,,,,,
20598error - Label type not mapped0.4,20598,Test1,error - Label type not mapped,0.4,,,1.0,,,,,,,20550ExpeditedDHL-X160,20550,Elite Marketing LLC,Expedited,DHL-X,160,,,,,1.0,,,1.0,,21936,Herlee LLC,1,2,,20598Direct Call,20598PTMT-FCDirect Call,20598,Test1,PTMT-FC,Direct Call,8,148,1,8,,Fun Slurp,750,,,,,,,22009,West Egg Inc.,1,1,,,,,,,,,,,,,,,,,,,,,,,,,,,,,,,,,,,,,,,,,,,,
20598error - Label type not mapped3,20598,Test1,error - Label type not mapped,3,,,,,2.0,,,,,20550ExpeditedDHL-X176,20550,Elite Marketing LLC,Expedited,DHL-X,176,,,1.0,1.0,3.0,1.0,2.0,3.0,,21937,Baseballism Inc,3,3,,20598Direct Call,20598PTMT-FCDirect Call,20598,Test1,PTMT-FC,Direct Call,5,90.2,1,5,,Javy,700,,,,,,,22011,The Butchery Quality Meats  ,1,1,,,,,,,,,,,,,,,,,,,,,,,,,,,,,,,,,,,,,,,,,,,,
20598error - Label type not mapped5,20598,Test1,error - Label type not mapped,5,,,,,1.0,,,,,20550ExpeditedDHL-X224,20550,Elite Marketing LLC,Expedited,DHL-X,224,,,,,2.0,3.0,,,,21940,TeeHee Socks,39,1317,,20598Direct Call,20598PTMT-GADirect Call,20598,Test1,PTMT-GA,Direct Call,2,16.3,1,2,,Stuhrling Original LLC,634,,,,,,,22014,Quick Box Fulfillment,282508,131947,,,,,,,,,,,,,,,,,,,,,,,,,,,,,,,,,,,,,,,,,,,,
20598error - Label type not mapped6.4,20598,Test1,error - Label type not mapped,6.4,,,,,1.0,,,,,20550ExpeditedDHL-X336,20550,Elite Marketing LLC,Expedited,DHL-X,336,,,,,,1.0,,1.0,,21946,Busy Bod Leos,40,1638,,20598Direct Call,20598PTMT-GADirect Call,20598,Test1,PTMT-GA,Direct Call,2,23.06,1,2,,Alabama Wholesale Socks Inc,600,,,,,,,22016,Made By Mary,34249,34249,,,,,,,,,,,,,,,,,,,,,,,,,,,,,,,,,,,,,,,,,,,,
20598error - Label type not mapped8,20598,Test1,error - Label type not mapped,8,,,,1.0,1.0,,,,,20550ExpeditedDHL-X144,20550,Elite Marketing LLC,Expedited,DHL-X,144,,,,2.0,5.0,6.0,4.0,9.0,,21951,NovaShip,20,323,,20598Expedited,20598PTMT-GAExpedited,20598,Test1,PTMT-GA,Expedited,1,9.8,1,1,,Commend,500,,,,,,,22036,Official Exclusive LLC,102,102,,,,,,,,,,,,,,,,,,,,,,,,,,,,,,,,,,,,,,,,,,,,
20598error - Label type not mapped10,20598,Test1,error - Label type not mapped,10,,,,2.0,3.0,,3.0,,,20550ExpeditedDHL-X240,20550,Elite Marketing LLC,Expedited,DHL-X,240,,,1.0,4.0,8.0,13.0,15.0,8.0,,21957,RPG Ventures Pte Ltd,41,4639,,20598Ground,20598PTMT-GAGround,20598,Test1,PTMT-GA,Ground,1,11.7,1,1,,Hatch Fulfillment,500,,,,,,,22037,WM Nutrition,1,1,,,,,,,,,,,,,,,,,,,,,,,,,,,,,,,,,,,,,,,,,,,,
20598error - Label type not mapped12,20598,Test1,error - Label type not mapped,12,,,,2.0,,,,,,20550ExpeditedDHL-X256,20550,Elite Marketing LLC,Expedited,DHL-X,256,,,,,1.0,2.0,5.0,,,21962,Xintiandi Tech Corp,1,1,,20598Direct Call,20598PTMT-GA-CUBICDirect Call,20598,Test1,PTMT-GA-CUBIC,Direct Call,1,10.25,1,1,,Mindy Mae's Market,500,,,,,,,22045,World Event Promotions,691,691,,,,,,,,,,,,,,,,,,,,,,,,,,,,,,,,,,,,,,,,,,,,
20598error - Label type not mapped15.99,20598,Test1,error - Label type not mapped,15.99,,,,3000.0,2.0,,,,,20550ExpeditedDHL-X3,20550,Elite Marketing LLC,Expedited,DHL-X,3,,,1.0,1.0,4.0,4.0,5.0,1.0,,21975,ShipNetwork (Customer),1,1,,20598Direct Call,20598PTMT-GA-CUBICDirect Call,20598,Test1,PTMT-GA-CUBIC,Direct Call,1,4.3,1,1,,Ocean 26,500,,,,,,,22051,LOLA,37927,6,,,,,,,,,,,,,,,,,,,,,,,,,,,,,,,,,,,,,,,,,,,,
20598error - Label type not mapped32,20598,Test1,error - Label type not mapped,32,,,,,2.0,,,,,20550ExpeditedDHL-X208,20550,Elite Marketing LLC,Expedited,DHL-X,208,,,,1.0,3.0,,2.0,6.0,,21979,Infinite Cycles Utah Inc,41,36748,,20598Exp Plus,20598PTMT-GA-CUBICExp Plus,20598,Test1,PTMT-GA-CUBIC,Exp Plus,1,4.55,1,1,,Pac Parts,500,,,,,,,22058,Source Logistics LLC,35372,35372,,,,,,,,,,,,,,,,,,,,,,,,,,,,,,,,,,,,,,,,,,,,
20598error - Label type not mapped48,20598,Test1,error - Label type not mapped,48,,,5.0,,,1.0,,,,20550ExpeditedDHL-X272,20550,Elite Marketing LLC,Expedited,DHL-X,272,,,,,1.0,1.0,,,,21981,ShipNetwork (Customer),42,869700,,20598Direct Call,20598PTMT-GA-RETURNDirect Call,20598,Test1,PTMT-GA-RETURN,Direct Call,1,9.5,1,1,,Rubberbanditz,500,,,,,,,22062,Cara Loren Shop LLC,4956,4956,,,,,,,,,,,,,,,,,,,,,,,,,,,,,,,,,,,,,,,,,,,,
20598error - Label type not mapped80,20598,Test1,error - Label type not mapped,80,2.0,1.0,,,42.0,1.0,3.0,,,20550ExpeditedDHL-X304,20550,Elite Marketing LLC,Expedited,DHL-X,304,,,,,,,2.0,1.0,,21982,ShipNetwork (Customer),42,478562,,20598Direct Call,20598PTMT-GA-RETURNDirect Call,20598,Test1,PTMT-GA-RETURN,Direct Call,2,21.9,1,2,,Hospital Productions,478,,,,,,,22065,Alchemy Art Group LLC,19,19,,,,,,,,,,,,,,,,,,,,,,,,,,,,,,,,,,,,,,,,,,,,
20598error - Label type not mapped160,20598,Test1,error - Label type not mapped,160,,,,,1.0,,,,,20550ExpeditedDHL-X320,20550,Elite Marketing LLC,Expedited,DHL-X,320,,,,,,,,2.0,,21984,ShipNetwork (Customer),42,299281,,20598Direct Call,20598PTMT-GA-RETURNDirect Call,20598,Test1,PTMT-GA-RETURN,Direct Call,2,23,1,2,,Electric Visual Evolution LLC,400,,,,,,,22077,J & L Cycle LLC,2972,2972,,,,,,,,,,,,,,,,,,,,,,,,,,,,,,,,,,,,,,,,,,,,
20615Expedited1,20615,Live Your Truth,Expedited,1,4.0,5.0,1.0,7.0,11.0,5.0,11.0,7.0,,20550ExpeditedDHL-X352,20550,Elite Marketing LLC,Expedited,DHL-X,352,,1.0,,2.0,,2.0,,1.0,,21986,ShipNetwork (Customer),42,172854,,20598Priority,20598PTMT-GA-RETURNPriority,20598,Test1,PTMT-GA-RETURN,Priority,1,13.65,1,1,,Impact Battery,400,,,,,,,22093,Maru Apparel,3904,3904,,,,,,,,,,,,,,,,,,,,,,,,,,,,,,,,,,,,,,,,,,,,
20615Expedited2,20615,Live Your Truth,Expedited,2,9.0,3.0,3.0,6.0,11.0,14.0,7.0,8.0,,20550ExpeditedFM-DDU15.99,20550,Elite Marketing LLC,Expedited,FM-DDU,15.99,1.0,1.0,,,,,,,,21987,ShipNetwork (Customer),42,524949,,20598Direct Call,20598RRDDirect Call,20598,Test1,RRD,Direct Call,8,74.89,1,8,,J & L Cycle LLC,400,,,,,,,22096,Netbus LLC,1,1,,,,,,,,,,,,,,,,,,,,,,,,,,,,,,,,,,,,,,,,,,,,
20615Expedited3,20615,Live Your Truth,Expedited,3,18.0,15.0,12.0,42.0,67.0,41.0,45.0,39.0,,20550ExpeditedFM-DDU32,20550,Elite Marketing LLC,Expedited,FM-DDU,32,2.0,2.0,,,,,,,,21988,ShipNetwork (Customer),16,29518,,20598Direct Call,20598UPSDirect Call,20598,Test1,UPS,Direct Call,14,116.18,2,7,,Real Health Products Inc,395,,,,,,,22101,Grip6 LLC,11355,11355,,,,,,,,,,,,,,,,,,,,,,,,,,,,,,,,,,,,,,,,,,,,
20615Expedited4,20615,Live Your Truth,Expedited,4,189.0,105.0,125.0,294.0,496.0,335.0,338.0,218.0,,20550ExpeditedFM-DDU64,20550,Elite Marketing LLC,Expedited,FM-DDU,64,1.0,2.0,,,,,,,,21989,ShipNetwork (Customer),41,152498,,20598Direct Call,20598UPSDirect Call,20598,Test1,UPS,Direct Call,19,392.65,3,6.3333,,Ownaj,330,,,,,,,22111,ALL PURPOSE BRANDING LLC,2525,2525,,,,,,,,,,,,,,,,,,,,,,,,,,,,,,,,,,,,,,,,,,,,
